一轮志书,专业志,总卷,http://116.113.96.251:8080/Search/SearchContent.aspx?RootId=20130808150338493&BookId=
一轮志书,专业志,大事记,http://116.113.96.251:8080/Search/SearchContent.aspx?RootId=20130705141219072&BookId=
一轮志书,专业志,行政区域建制志,http://116.113.96.251:8080/Search/SearchContent.aspx?RootId=20130716162919629&BookId=
一轮志书,专业志,共产党志,http://116.113.96.251:8080/Search/SearchContent.aspx?RootId=20130716153459975&BookId=
一轮志书,专业志,人大志,http://116.113.96.251:8080/Search/SearchContent.aspx?RootId=20130716163352510&BookId=
一轮志书,专业志,政府志,http://116.113.96.251:8080/Search/SearchContent.aspx?RootId=20130716155213658&BookId=
一轮志书,专业志,政协志,http://116.113.96.251:8080/Search/SearchContent.aspx?RootId=20130716163019947&BookId=
一轮志书,专业志,军事志,http://116.113.96.251:8080/Search/SearchContent.aspx?RootId=20130716155551956&BookId=
一轮志书,专业志,武警志,http://116.113.96.251:8080/Search/SearchContent.aspx?RootId=20130716155813837&BookId=
一轮志书,专业志,民主党派志,http://116.113.96.251:8080/Search/SearchContent.aspx?RootId=20130808145941357&BookId=
一轮志书,专业志,审判志,http://116.113.96.251:8080/Search/SearchContent.aspx?RootId=20130716163147607&BookId=
一轮志书,专业志,检察志,http://116.113.96.251:8080/Search/SearchContent.aspx?RootId=20130716162630554&BookId=
一轮志书,专业志,工会志,http://116.113.96.251:8080/Search/SearchContent.aspx?RootId=20130716155358691&BookId=
一轮志书,专业志,共青团志,http://116.113.96.251:8080/Search/SearchContent.aspx?RootId=20130718110350229&BookId=
一轮志书,专业志,妇联志,http://116.113.96.251:8080/Search/SearchContent.aspx?RootId=20130716162816832&BookId=
一轮志书,专业志,发展和改革志,http://116.113.96.251:8080/Search/SearchContent.aspx?RootId=20130808150054038&BookId=
一轮志书,专业志,科学技术志,http://116.113.96.251:8080/Search/SearchContent.aspx?RootId=20130705141425535&BookId=
一轮志书,专业志,民族志,http://116.113.96.251:8080/Search/SearchContent.aspx?RootId=20130808145715123&BookId=
一轮志书,专业志,宗教志,http://116.113.96.251:8080/Search/SearchContent.aspx?RootId=20130716163534272&BookId=
一轮志书,专业志,公安志（上）,http://116.113.96.251:8080/Search/SearchContent.aspx?RootId=20130716162503399&BookId=
一轮志书,专业志,公安志（下）,http://116.113.96.251:8080/Search/SearchContent.aspx?RootId=20140419162300915&BookId=
一轮志书,专业志,民政志,http://116.113.96.251:8080/Search/SearchContent.aspx?RootId=20130716162847331&BookId=
一轮志书,专业志,司法行政志,http://116.113.96.251:8080/Search/SearchContent.aspx?RootId=20130716162402801&BookId=
一轮志书,专业志,财政志,http://116.113.96.251:8080/Search/SearchContent.aspx?RootId=20130716162432290&BookId=
一轮志书,专业志,对外贸易志,http://116.113.96.251:8080/Search/SearchContent.aspx?RootId=20130808145311169&BookId=
一轮志书,专业志,乡镇企业志,http://116.113.96.251:8080/Search/SearchContent.aspx?RootId=20130716162947902&BookId=
一轮志书,专业志,人事志,http://116.113.96.251:8080/Search/SearchContent.aspx?RootId=20130716154256623&BookId=
一轮志书,专业志,劳动志,http://116.113.96.251:8080/Search/SearchContent.aspx?RootId=20130716155738138&BookId=
一轮志书,专业志,土地志,http://116.113.96.251:8080/Search/SearchContent.aspx?RootId=20130716163106423&BookId=
一轮志书,专业志,环境保护志,http://116.113.96.251:8080/Search/SearchContent.aspx?RootId=20130716163239295&BookId=
一轮志书,专业志,建设志,http://116.113.96.251:8080/Search/SearchContent.aspx?RootId=20130808145817101&BookId=
一轮志书,专业志,公路水运交通志,http://116.113.96.251:8080/Search/SearchContent.aspx?RootId=20130716155251610&BookId=
一轮志书,专业志,农业志,http://116.113.96.251:8080/Search/SearchContent.aspx?RootId=20130716154645042&BookId=
一轮志书,专业志,畜牧志,http://116.113.96.251:8080/Search/SearchContent.aspx?RootId=20130716153559144&BookId=
一轮志书,专业志,林业志,http://116.113.96.251:8080/Search/SearchContent.aspx?RootId=20130716163520457&BookId=
一轮志书,专业志,水利志,http://116.113.96.251:8080/Search/SearchContent.aspx?RootId=20130716162259731&BookId=
一轮志书,专业志,商业志,http://116.113.96.251:8080/Search/SearchContent.aspx?RootId=20130716124252417&BookId=
一轮志书,专业志,卫生志,http://116.113.96.251:8080/Search/SearchContent.aspx?RootId=20130716162333322&BookId=
一轮志书,专业志,粮食志,http://116.113.96.251:8080/Search/SearchContent.aspx?RootId=20130705141252829&BookId=
一轮志书,专业志,煤炭工业志,http://116.113.96.251:8080/Search/SearchContent.aspx?RootId=20130716153342224&BookId=
一轮志书,专业志,物资志,http://116.113.96.251:8080/Search/SearchContent.aspx?RootId=20130705144616981&BookId=
一轮志书,专业志,民航志,http://116.113.96.251:8080/Search/SearchContent.aspx?RootId=20130716153425834&BookId=
一轮志书,专业志,地质矿产志,http://116.113.96.251:8080/Search/SearchContent.aspx?RootId=20130716153530847&BookId=
一轮志书,专业志,测绘志,http://116.113.96.251:8080/Search/SearchContent.aspx?RootId=20130705141353516&BookId=
一轮志书,专业志,铁路志,http://116.113.96.251:8080/Search/SearchContent.aspx?RootId=20130716124423639&BookId=
一轮志书,专业志,电力工业志,http://116.113.96.251:8080/Search/SearchContent.aspx?RootId=20130716123734499&BookId=
一轮志书,专业志,金融志（上卷）,http://116.113.96.251:8080/Search/SearchContent.aspx?RootId=20130716162701566&BookId=
一轮志书,专业志,金融志（中卷）,http://116.113.96.251:8080/Search/SearchContent.aspx?RootId=20140821125150448&BookId=
一轮志书,专业志,金融志（下卷）,http://116.113.96.251:8080/Search/SearchContent.aspx?RootId=20140821125222818&BookId=
一轮志书,专业志,方言志-汉语卷,http://116.113.96.251:8080/Search/SearchContent.aspx?RootId=20130808145527326&BookId=
一轮志书,专业志,方言志-蒙古语卷,http://116.113.96.251:8080/Search/SearchContent.aspx?RootId=20141024125512075&BookId=
一轮志书,专业志,方言志-达斡尔语 鄂温克语 鄂伦春语卷,http://116.113.96.251:8080/Search/SearchContent.aspx?RootId=20141024130200016&BookId=
一轮志书,专业志,建设志-测试,http://116.113.96.251:8080/Search/SearchContent.aspx?RootId=20150529090626090&BookId=
一轮志书,专业志,文史研究馆志,http://116.113.96.251:8080/Search/SearchContent.aspx?RootId=20160203144222632&BookId=
一轮志书,专业志,水产志,http://116.113.96.251:8080/Search/SearchContent.aspx?RootId=20130705111105415&BookId=
一轮志书,专业志,邮电志,http://116.113.96.251:8080/Search/SearchContent.aspx?RootId=20130716154550448&BookId=
一轮志书,专业志,统计志,http://116.113.96.251:8080/Search/SearchContent.aspx?RootId=20130716155446645&BookId=
一轮志书,专业志,广播电视志,http://116.113.96.251:8080/Search/SearchContent.aspx?RootId=20130716155630244&BookId=
一轮志书,专业志,审计志,http://116.113.96.251:8080/Search/SearchContent.aspx?RootId=20130716155857260&BookId=
一轮志书,专业志,技术监督志,http://116.113.96.251:8080/Search/SearchContent.aspx?RootId=20130716161854613&BookId=
一轮志书,专业志,气象志,http://116.113.96.251:8080/Search/SearchContent.aspx?RootId=20130716161924154&BookId=
一轮志书,专业志,档案志,http://116.113.96.251:8080/Search/SearchContent.aspx?RootId=20130716161943143&BookId=
一轮志书,专业志,税务志,http://116.113.96.251:8080/Search/SearchContent.aspx?RootId=20130716162012896&BookId=
一轮志书,专业志,供销合作社志,http://116.113.96.251:8080/Search/SearchContent.aspx?RootId=20130716162132620&BookId=
一轮志书,专业志,烟草志,http://116.113.96.251:8080/Search/SearchContent.aspx?RootId=20130716162159792&BookId=
一轮志书,专业志,工商行政管理志,http://116.113.96.251:8080/Search/SearchContent.aspx?RootId=20130716162552632&BookId=
一轮志书,专业志,外事志,http://116.113.96.251:8080/Search/SearchContent.aspx?RootId=20130716163213916&BookId=
一轮志书,专业志,旅游志,http://116.113.96.251:8080/Search/SearchContent.aspx?RootId=20130716163311205&BookId=
一轮志书,专业志,出入境检验检疫志,http://116.113.96.251:8080/Search/SearchContent.aspx?RootId=20130716163437373&BookId=
一轮志书,专业志,社会科学志,http://116.113.96.251:8080/Search/SearchContent.aspx?RootId=20130716163458066&BookId=
一轮志书,专业志,工会志（1999—2013）,http://116.113.96.251:8080/Search/SearchContent.aspx?RootId=20130718110328464&BookId=
一轮志书,专业志,文化志,http://116.113.96.251:8080/Search/SearchContent.aspx?RootId=20130718112423581&BookId=
一轮志书,专业志,人口志,http://116.113.96.251:8080/Search/SearchContent.aspx?RootId=20130808145243089&BookId=
一轮志书,专业志,出版志,http://116.113.96.251:8080/Search/SearchContent.aspx?RootId=20130808145355161&BookId=
一轮志书,专业志,文物志,http://116.113.96.251:8080/Search/SearchContent.aspx?RootId=20130808145424723&BookId=
一轮志书,专业志,民俗志,http://116.113.96.251:8080/Search/SearchContent.aspx?RootId=20130808145449543&BookId=
一轮志书,专业志,人物志,http://116.113.96.251:8080/Search/SearchContent.aspx?RootId=20130808145552084&BookId=
一轮志书,专业志,体育志,http://116.113.96.251:8080/Search/SearchContent.aspx?RootId=20130808145619165&BookId=
一轮志书,专业志,教育志,http://116.113.96.251:8080/Search/SearchContent.aspx?RootId=20130808145959250&BookId=
一轮志书,专业志,草原志,http://116.113.96.251:8080/Search/SearchContent.aspx?RootId=20130808150111151&BookId=
一轮志书,专业志,地震志,http://116.113.96.251:8080/Search/SearchContent.aspx?RootId=20130808150142991&BookId=
一轮志书,专业志,沙漠志,http://116.113.96.251:8080/Search/SearchContent.aspx?RootId=20130808150246779&BookId=
一轮志书,专业志,石油化工监督检验研究院志,http://116.113.96.251:8080/Search/SearchContent.aspx?RootId=20160916195339626&BookId=
一轮志书,专业志,食品药品监督管理志,http://116.113.96.251:8080/Search/SearchContent.aspx?RootId=20190710130545935&BookId=
一轮志书,专业志,包钢志（1954—1990）,http://116.113.96.251:8080/Search/SearchContent.aspx?RootId=20191206132802343&BookId=
一轮志书,盟市志,呼和浩特市志(上卷),http://116.113.96.251:8080/Search/SearchContent.aspx?RootId=20130717104727887&BookId=
一轮志书,盟市志,呼和浩特市志(中卷),http://116.113.96.251:8080/Search/SearchContent.aspx?RootId=20130717104902116&BookId=
一轮志书,盟市志,呼和浩特市志(下卷),http://116.113.96.251:8080/Search/SearchContent.aspx?RootId=20130717105032873&BookId=
一轮志书,盟市志,包头市志(卷一),http://116.113.96.251:8080/Search/SearchContent.aspx?RootId=20130717105523148&BookId=
一轮志书,盟市志,包头市志(卷二·上),http://116.113.96.251:8080/Search/SearchContent.aspx?RootId=20130717105758316&BookId=
一轮志书,盟市志,包头市志(卷二·下),http://116.113.96.251:8080/Search/SearchContent.aspx?RootId=20130717105833523&BookId=
一轮志书,盟市志,包头市志(卷三),http://116.113.96.251:8080/Search/SearchContent.aspx?RootId=20130717105945614&BookId=
一轮志书,盟市志,包头市志(卷四),http://116.113.96.251:8080/Search/SearchContent.aspx?RootId=20130717110109828&BookId=
一轮志书,盟市志,包头市志(卷五),http://116.113.96.251:8080/Search/SearchContent.aspx?RootId=20130717110300492&BookId=
一轮志书,盟市志,乌海市志,http://116.113.96.251:8080/Search/SearchContent.aspx?RootId=20130717110525860&BookId=
一轮志书,盟市志,赤峰市志(上卷),http://116.113.96.251:8080/Search/SearchContent.aspx?RootId=20130717111412062&BookId=
一轮志书,盟市志,赤峰市志(中卷),http://116.113.96.251:8080/Search/SearchContent.aspx?RootId=20130717111608651&BookId=
一轮志书,盟市志,赤峰市志(下卷),http://116.113.96.251:8080/Search/SearchContent.aspx?RootId=20130717111739096&BookId=
一轮志书,盟市志,呼伦贝尔盟志(上卷),http://116.113.96.251:8080/Search/SearchContent.aspx?RootId=20130717111925148&BookId=
一轮志书,盟市志,呼伦贝尔盟志(中卷),http://116.113.96.251:8080/Search/SearchContent.aspx?RootId=20130717112327139&BookId=
一轮志书,盟市志,呼伦贝尔盟志(下卷),http://116.113.96.251:8080/Search/SearchContent.aspx?RootId=20130717112548260&BookId=
一轮志书,盟市志,兴安盟志(上卷),http://116.113.96.251:8080/Search/SearchContent.aspx?RootId=20130717112915355&BookId=
一轮志书,盟市志,兴安盟志(下卷),http://116.113.96.251:8080/Search/SearchContent.aspx?RootId=20130717113109347&BookId=
一轮志书,盟市志,哲里木盟志(上卷),http://116.113.96.251:8080/Search/SearchContent.aspx?RootId=20130717113310695&BookId=
一轮志书,盟市志,哲里木盟志(下卷),http://116.113.96.251:8080/Search/SearchContent.aspx?RootId=20130717113437719&BookId=
一轮志书,盟市志,锡林郭勒盟志(上卷),http://116.113.96.251:8080/Search/SearchContent.aspx?RootId=20130717113628240&BookId=
一轮志书,盟市志,锡林郭勒盟志(中卷),http://116.113.96.251:8080/Search/SearchContent.aspx?RootId=20130717121312812&BookId=
一轮志书,盟市志,锡林郭勒盟志(下卷),http://116.113.96.251:8080/Search/SearchContent.aspx?RootId=20130717121409092&BookId=
一轮志书,盟市志,乌兰察布盟志(上卷),http://116.113.96.251:8080/Search/SearchContent.aspx?RootId=20130717121540439&BookId=
一轮志书,盟市志,乌兰察布盟志(中卷),http://116.113.96.251:8080/Search/SearchContent.aspx?RootId=20130717121626153&BookId=
一轮志书,盟市志,乌兰察布盟志(下卷),http://116.113.96.251:8080/Search/SearchContent.aspx?RootId=20130717121948458&BookId=
一轮志书,盟市志,巴彦淖尔盟志(上卷),http://116.113.96.251:8080/Search/SearchContent.aspx?RootId=20130717123010920&BookId=
一轮志书,盟市志,巴彦淖尔盟志(下卷),http://116.113.96.251:8080/Search/SearchContent.aspx?RootId=20130717123101067&BookId=
一轮志书,盟市志,阿拉善盟志,http://116.113.96.251:8080/Search/SearchContent.aspx?RootId=20130717123136475&BookId=
一轮志书,盟市志,伊克昭盟志,http://116.113.96.251:8080/Search/SearchContent.aspx?RootId=20160105115306793&BookId=
一轮志书,旗县志,呼和浩特市新城区志,http://116.113.96.251:8080/Search/SearchContent.aspx?RootId=20130717123437417&BookId=
一轮志书,旗县志,呼和浩特市回民区志,http://116.113.96.251:8080/Search/SearchContent.aspx?RootId=20130717123452888&BookId=
一轮志书,旗县志,呼和浩特市玉泉区志,http://116.113.96.251:8080/Search/SearchContent.aspx?RootId=20130717123529468&BookId=
一轮志书,旗县志,呼和浩特市郊区志,http://116.113.96.251:8080/Search/SearchContent.aspx?RootId=20130717123554295&BookId=
一轮志书,旗县志,土默特志(上卷),http://116.113.96.251:8080/Search/SearchContent.aspx?RootId=20130717123712976&BookId=
一轮志书,旗县志,土默特志(下卷),http://116.113.96.251:8080/Search/SearchContent.aspx?RootId=20130717123755430&BookId=
一轮志书,旗县志,托克托县志,http://116.113.96.251:8080/Search/SearchContent.aspx?RootId=20130717123838194&BookId=
一轮志书,旗县志,和林格尔县志,http://116.113.96.251:8080/Search/SearchContent.aspx?RootId=20130717124158464&BookId=
一轮志书,旗县志,清水河县志,http://116.113.96.251:8080/Search/SearchContent.aspx?RootId=20130717124235217&BookId=
一轮志书,旗县志,武川县志,http://116.113.96.251:8080/Search/SearchContent.aspx?RootId=20130717124316528&BookId=
一轮志书,旗县志,包头市昆都仑区志,http://116.113.96.251:8080/Search/SearchContent.aspx?RootId=20130717124350934&BookId=
一轮志书,旗县志,包头市青山区志,http://116.113.96.251:8080/Search/SearchContent.aspx?RootId=20130717124422804&BookId=
一轮志书,旗县志,包头市东河区志,http://116.113.96.251:8080/Search/SearchContent.aspx?RootId=20130717124706289&BookId=
一轮志书,旗县志,包头市郊区志,http://116.113.96.251:8080/Search/SearchContent.aspx?RootId=20130717124734215&BookId=
一轮志书,旗县志,包头市石拐矿区志,http://116.113.96.251:8080/Search/SearchContent.aspx?RootId=20130717124822868&BookId=
一轮志书,旗县志,包头市白云鄂博矿区志,http://116.113.96.251:8080/Search/SearchContent.aspx?RootId=20130717124855523&BookId=
一轮志书,旗县志,土默特右旗志,http://116.113.96.251:8080/Search/SearchContent.aspx?RootId=20130717124924919&BookId=
一轮志书,旗县志,达尔罕茂明安联合旗志,http://116.113.96.251:8080/Search/SearchContent.aspx?RootId=20130717134634704&BookId=
一轮志书,旗县志,固阳县志,http://116.113.96.251:8080/Search/SearchContent.aspx?RootId=20130717134717657&BookId=
一轮志书,旗县志,乌海市海渤湾区志,http://116.113.96.251:8080/Search/SearchContent.aspx?RootId=20130717134750038&BookId=
一轮志书,旗县志,乌海市乌达区志,http://116.113.96.251:8080/Search/SearchContent.aspx?RootId=20130717134912754&BookId=
一轮志书,旗县志,乌海市海南区志,http://116.113.96.251:8080/Search/SearchContent.aspx?RootId=20130717135108232&BookId=
一轮志书,旗县志,赤峰市红山区志,http://116.113.96.251:8080/Search/SearchContent.aspx?RootId=20130717135202332&BookId=
一轮志书,旗县志,赤峰市松山区志,http://116.113.96.251:8080/Search/SearchContent.aspx?RootId=20130717135240665&BookId=
一轮志书,旗县志,赤峰市元宝山区志,http://116.113.96.251:8080/Search/SearchContent.aspx?RootId=20130717135307189&BookId=
一轮志书,旗县志,巴林左旗志,http://116.113.96.251:8080/Search/SearchContent.aspx?RootId=20130717135348181&BookId=
一轮志书,旗县志,巴林右旗志,http://116.113.96.251:8080/Search/SearchContent.aspx?RootId=20130717135440797&BookId=
一轮志书,旗县志,阿鲁科尔沁旗志,http://116.113.96.251:8080/Search/SearchContent.aspx?RootId=20130717140809183&BookId=
一轮志书,旗县志,克什克腾旗志,http://116.113.96.251:8080/Search/SearchContent.aspx?RootId=20130717140909301&BookId=
一轮志书,旗县志,敖汉旗志,http://116.113.96.251:8080/Search/SearchContent.aspx?RootId=20130717140951598&BookId=
一轮志书,旗县志,翁牛特旗志,http://116.113.96.251:8080/Search/SearchContent.aspx?RootId=20130717141109257&BookId=
一轮志书,旗县志,喀喇沁旗志,http://116.113.96.251:8080/Search/SearchContent.aspx?RootId=20130717141144978&BookId=
一轮志书,旗县志,宁城县志,http://116.113.96.251:8080/Search/SearchContent.aspx?RootId=20130717141215750&BookId=
一轮志书,旗县志,林西县志,http://116.113.96.251:8080/Search/SearchContent.aspx?RootId=20130717141246067&BookId=
一轮志书,旗县志,海拉尔市志,http://116.113.96.251:8080/Search/SearchContent.aspx?RootId=20130717141420581&BookId=
一轮志书,旗县志,满洲里市志,http://116.113.96.251:8080/Search/SearchContent.aspx?RootId=20130717141548329&BookId=
一轮志书,旗县志,扎兰屯市志,http://116.113.96.251:8080/Search/SearchContent.aspx?RootId=20130717141633222&BookId=
一轮志书,旗县志,牙克石市志,http://116.113.96.251:8080/Search/SearchContent.aspx?RootId=20130717143119833&BookId=
一轮志书,旗县志,根河市志,http://116.113.96.251:8080/Search/SearchContent.aspx?RootId=20130717143149109&BookId=
一轮志书,旗县志,额尔古纳右旗志,http://116.113.96.251:8080/Search/SearchContent.aspx?RootId=20130717143246383&BookId=
一轮志书,旗县志,鄂伦春自治旗志,http://116.113.96.251:8080/Search/SearchContent.aspx?RootId=20130717143331497&BookId=
一轮志书,旗县志,鄂温克族自治旗志,http://116.113.96.251:8080/Search/SearchContent.aspx?RootId=20130717143420722&BookId=
一轮志书,旗县志,莫力达瓦达斡尔族自治旗志,http://116.113.96.251:8080/Search/SearchContent.aspx?RootId=20130717143551994&BookId=
一轮志书,旗县志,陈巴尔虎旗志,http://116.113.96.251:8080/Search/SearchContent.aspx?RootId=20130717143952869&BookId=
一轮志书,旗县志,新巴尔虎左旗志,http://116.113.96.251:8080/Search/SearchContent.aspx?RootId=20130717144048199&BookId=
一轮志书,旗县志,新巴尔虎右旗志,http://116.113.96.251:8080/Search/SearchContent.aspx?RootId=20130717144127619&BookId=
一轮志书,旗县志,阿荣旗志,http://116.113.96.251:8080/Search/SearchContent.aspx?RootId=20130717144158750&BookId=
一轮志书,旗县志,乌兰浩特市志,http://116.113.96.251:8080/Search/SearchContent.aspx?RootId=20130717144224485&BookId=
一轮志书,旗县志,阿尔山市志,http://116.113.96.251:8080/Search/SearchContent.aspx?RootId=20130717144251086&BookId=
一轮志书,旗县志,科尔沁右翼前旗志,http://116.113.96.251:8080/Search/SearchContent.aspx?RootId=20130717144341619&BookId=
一轮志书,旗县志,科尔沁右翼中旗志,http://116.113.96.251:8080/Search/SearchContent.aspx?RootId=20130717144435353&BookId=
一轮志书,旗县志,扎赉特旗志,http://116.113.96.251:8080/Search/SearchContent.aspx?RootId=20130717144507620&BookId=
一轮志书,旗县志,突泉县志,http://116.113.96.251:8080/Search/SearchContent.aspx?RootId=20130717144538539&BookId=
一轮志书,旗县志,通辽市志,http://116.113.96.251:8080/Search/SearchContent.aspx?RootId=20130717144810250&BookId=
一轮志书,旗县志,霍林郭勒市志,http://116.113.96.251:8080/Search/SearchContent.aspx?RootId=20130717144837040&BookId=
一轮志书,旗县志,科尔沁左翼中旗志,http://116.113.96.251:8080/Search/SearchContent.aspx?RootId=20130717145008619&BookId=
一轮志书,旗县志,科尔沁左翼后旗志,http://116.113.96.251:8080/Search/SearchContent.aspx?RootId=20130717145045046&BookId=
一轮志书,旗县志,库伦旗志,http://116.113.96.251:8080/Search/SearchContent.aspx?RootId=20130717145110858&BookId=
一轮志书,旗县志,奈曼旗志,http://116.113.96.251:8080/Search/SearchContent.aspx?RootId=20130717145157649&BookId=
一轮志书,旗县志,扎鲁特旗志,http://116.113.96.251:8080/Search/SearchContent.aspx?RootId=20130717145225155&BookId=
一轮志书,旗县志,开鲁县志,http://116.113.96.251:8080/Search/SearchContent.aspx?RootId=20130717145300314&BookId=
一轮志书,旗县志,锡林浩特市志,http://116.113.96.251:8080/Search/SearchContent.aspx?RootId=20130717151036666&BookId=
一轮志书,旗县志,二连浩特市志,http://116.113.96.251:8080/Search/SearchContent.aspx?RootId=20130717151059260&BookId=
一轮志书,旗县志,阿巴嘎旗志,http://116.113.96.251:8080/Search/SearchContent.aspx?RootId=20130717151127317&BookId=
一轮志书,旗县志,东乌珠穆沁旗志(蒙文),http://116.113.96.251:8080/Search/SearchContent.aspx?RootId=20130717151301726&BookId=
一轮志书,旗县志,西乌珠穆沁旗志,http://116.113.96.251:8080/Search/SearchContent.aspx?RootId=20130717151340179&BookId=
一轮志书,旗县志,苏尼特左旗志,http://116.113.96.251:8080/Search/SearchContent.aspx?RootId=20130717151421906&BookId=
一轮志书,旗县志,苏尼特右旗志,http://116.113.96.251:8080/Search/SearchContent.aspx?RootId=20130717151507362&BookId=
一轮志书,旗县志,正蓝旗志（蒙文）,http://116.113.96.251:8080/Search/SearchContent.aspx?RootId=20130717151601190&BookId=
一轮志书,旗县志,正镶白旗志,http://116.113.96.251:8080/Search/SearchContent.aspx?RootId=20130717151641682&BookId=
一轮志书,旗县志,镶黄旗志,http://116.113.96.251:8080/Search/SearchContent.aspx?RootId=20130717151709172&BookId=
一轮志书,旗县志,太仆寺旗志,http://116.113.96.251:8080/Search/SearchContent.aspx?RootId=20130717151903013&BookId=
一轮志书,旗县志,多伦县志,http://116.113.96.251:8080/Search/SearchContent.aspx?RootId=20130717151930288&BookId=
一轮志书,旗县志,乌拉盖开发区志,http://116.113.96.251:8080/Search/SearchContent.aspx?RootId=20130717152458601&BookId=
一轮志书,旗县志,集宁市志,http://116.113.96.251:8080/Search/SearchContent.aspx?RootId=20130717152539580&BookId=
一轮志书,旗县志,丰镇市志,http://116.113.96.251:8080/Search/SearchContent.aspx?RootId=20130717152606115&BookId=
一轮志书,旗县志,察哈尔右翼前旗志,http://116.113.96.251:8080/Search/SearchContent.aspx?RootId=20130717152632380&BookId=
一轮志书,旗县志,察哈尔右翼中旗志,http://116.113.96.251:8080/Search/SearchContent.aspx?RootId=20130717152701900&BookId=
一轮志书,旗县志,察哈尔右翼后旗志,http://116.113.96.251:8080/Search/SearchContent.aspx?RootId=20130717152906504&BookId=
一轮志书,旗县志,四子王旗志,http://116.113.96.251:8080/Search/SearchContent.aspx?RootId=20130717153028407&BookId=
一轮志书,旗县志,卓资县志,http://116.113.96.251:8080/Search/SearchContent.aspx?RootId=20130717153111904&BookId=
一轮志书,旗县志,商都县志,http://116.113.96.251:8080/Search/SearchContent.aspx?RootId=20130717153138590&BookId=
一轮志书,旗县志,兴和县志,http://116.113.96.251:8080/Search/SearchContent.aspx?RootId=20130717153206782&BookId=
一轮志书,旗县志,化德县志,http://116.113.96.251:8080/Search/SearchContent.aspx?RootId=20130717153234183&BookId=
一轮志书,旗县志,凉城县志,http://116.113.96.251:8080/Search/SearchContent.aspx?RootId=20130717153259322&BookId=
一轮志书,旗县志,东胜市志,http://116.113.96.251:8080/Search/SearchContent.aspx?RootId=20130717153328345&BookId=
一轮志书,旗县志,伊金霍洛旗志,http://116.113.96.251:8080/Search/SearchContent.aspx?RootId=20130717153351098&BookId=
一轮志书,旗县志,准格尔旗志,http://116.113.96.251:8080/Search/SearchContent.aspx?RootId=20130717153424348&BookId=
一轮志书,旗县志,鄂托克旗志,http://116.113.96.251:8080/Search/SearchContent.aspx?RootId=20130717153450447&BookId=
一轮志书,旗县志,鄂托克前旗志,http://116.113.96.251:8080/Search/SearchContent.aspx?RootId=20130717153523583&BookId=
一轮志书,旗县志,杭锦旗志,http://116.113.96.251:8080/Search/SearchContent.aspx?RootId=20130717153552442&BookId=
一轮志书,旗县志,乌审旗志,http://116.113.96.251:8080/Search/SearchContent.aspx?RootId=20130717154441400&BookId=
一轮志书,旗县志,达拉特旗志,http://116.113.96.251:8080/Search/SearchContent.aspx?RootId=20130717154903077&BookId=
一轮志书,旗县志,临河市志,http://116.113.96.251:8080/Search/SearchContent.aspx?RootId=20130717154934306&BookId=
一轮志书,旗县志,乌拉特前旗志,http://116.113.96.251:8080/Search/SearchContent.aspx?RootId=20130717155005625&BookId=
一轮志书,旗县志,乌拉特中旗志,http://116.113.96.251:8080/Search/SearchContent.aspx?RootId=20130717155041020&BookId=
一轮志书,旗县志,乌拉特后旗志,http://116.113.96.251:8080/Search/SearchContent.aspx?RootId=20130717155109505&BookId=
一轮志书,旗县志,杭锦后旗志,http://116.113.96.251:8080/Search/SearchContent.aspx?RootId=20130717155144230&BookId=
一轮志书,旗县志,五原县志,http://116.113.96.251:8080/Search/SearchContent.aspx?RootId=20130717155207594&BookId=
一轮志书,旗县志,磴口县志,http://116.113.96.251:8080/Search/SearchContent.aspx?RootId=20130717155235087&BookId=
一轮志书,旗县志,阿拉善右旗志,http://116.113.96.251:8080/Search/SearchContent.aspx?RootId=20130717155257183&BookId=
一轮志书,旗县志,额济纳旗志,http://116.113.96.251:8080/Search/SearchContent.aspx?RootId=20130717155325743&BookId=
一轮志书,旗县志,阿拉善左旗志,http://116.113.96.251:8080/Search/SearchContent.aspx?RootId=20130717155428207&BookId=
一轮志书,旗县志,海拉尔区志,http://116.113.96.251:8080/Search/SearchContent.aspx?RootId=20130717163851323&BookId=
一轮志书,旗县志,霍林郭勒市志,http://116.113.96.251:8080/Search/SearchContent.aspx?RootId=20130717163919128&BookId=
一轮志书,旗县志,白云鄂博矿区志,http://116.113.96.251:8080/Search/SearchContent.aspx?RootId=20130717164010144&BookId=
一轮志书,旗县志,满洲里市扎赉诺尔区志,http://116.113.96.251:8080/Search/SearchContent.aspx?RootId=20130717164025897&BookId=
一轮志书,旗县志,通辽市志,http://116.113.96.251:8080/Search/SearchContent.aspx?RootId=20130717164050912&BookId=
一轮志书,旗县志,喀喇沁旗志,http://116.113.96.251:8080/Search/SearchContent.aspx?RootId=20140118171823694&BookId=
一轮志书,旗县志,科尔沁左翼中旗志,http://116.113.96.251:8080/Search/SearchContent.aspx?RootId=20140119172233562&BookId=
一轮志书,旗县志,建昌营镇志,http://116.113.96.251:8080/Search/SearchContent.aspx?RootId=20190611153847745&BookId=
二轮志书,专业志,测绘志（1988～2008）,http://116.113.96.251:8080/Search/SearchContent.aspx?RootId=20130716163611564&BookId=
二轮志书,专业志,总卷,http://116.113.96.251:8080/Search/SearchContent.aspx?RootId=20130718103946487&BookId=
二轮志书,专业志,共产党志,http://116.113.96.251:8080/Search/SearchContent.aspx?RootId=20130718104011704&BookId=
二轮志书,专业志,纪检监察志,http://116.113.96.251:8080/Search/SearchContent.aspx?RootId=20130718105715580&BookId=
二轮志书,专业志,组织志,http://116.113.96.251:8080/Search/SearchContent.aspx?RootId=20130718105747769&BookId=
二轮志书,专业志,宣传志,http://116.113.96.251:8080/Search/SearchContent.aspx?RootId=20130718105811441&BookId=
二轮志书,专业志,统战志,http://116.113.96.251:8080/Search/SearchContent.aspx?RootId=20130718105843404&BookId=
二轮志书,专业志,政法志,http://116.113.96.251:8080/Search/SearchContent.aspx?RootId=20130718105926214&BookId=
二轮志书,专业志,档案志,http://116.113.96.251:8080/Search/SearchContent.aspx?RootId=20130718105951598&BookId=
二轮志书,专业志,人大志,http://116.113.96.251:8080/Search/SearchContent.aspx?RootId=20130718110011515&BookId=
二轮志书,专业志,政府志,http://116.113.96.251:8080/Search/SearchContent.aspx?RootId=20130718110029996&BookId=
二轮志书,专业志,军事志,http://116.113.96.251:8080/Search/SearchContent.aspx?RootId=20130718110148674&BookId=
二轮志书,专业志,武警志,http://116.113.96.251:8080/Search/SearchContent.aspx?RootId=20130718110208429&BookId=
二轮志书,专业志,审判志,http://116.113.96.251:8080/Search/SearchContent.aspx?RootId=20130718110230892&BookId=
二轮志书,专业志,检察志,http://116.113.96.251:8080/Search/SearchContent.aspx?RootId=20130718110311364&BookId=
二轮志书,专业志,妇联志,http://116.113.96.251:8080/Search/SearchContent.aspx?RootId=20130718110419871&BookId=
二轮志书,专业志,民主党派志,http://116.113.96.251:8080/Search/SearchContent.aspx?RootId=20130718110441869&BookId=
二轮志书,专业志,公安志,http://116.113.96.251:8080/Search/SearchContent.aspx?RootId=20130718110505355&BookId=
二轮志书,专业志,发展和改革志,http://116.113.96.251:8080/Search/SearchContent.aspx?RootId=20130718110528173&BookId=
二轮志书,专业志,教育志,http://116.113.96.251:8080/Search/SearchContent.aspx?RootId=20130718110556737&BookId=
二轮志书,专业志,科学技术志,http://116.113.96.251:8080/Search/SearchContent.aspx?RootId=20130718110613297&BookId=
二轮志书,专业志,工业和信息化志,http://116.113.96.251:8080/Search/SearchContent.aspx?RootId=20130718110631619&BookId=
二轮志书,专业志,民族宗教志,http://116.113.96.251:8080/Search/SearchContent.aspx?RootId=20130718111347421&BookId=
二轮志书,专业志,蒙古语文志,http://116.113.96.251:8080/Search/SearchContent.aspx?RootId=20130718111409473&BookId=
二轮志书,专业志,民政志,http://116.113.96.251:8080/Search/SearchContent.aspx?RootId=20130718111509380&BookId=
二轮志书,专业志,司法行政志,http://116.113.96.251:8080/Search/SearchContent.aspx?RootId=20130718111547406&BookId=
二轮志书,专业志,财政志,http://116.113.96.251:8080/Search/SearchContent.aspx?RootId=20130718111607737&BookId=
二轮志书,专业志,人力资源和社会保障志,http://116.113.96.251:8080/Search/SearchContent.aspx?RootId=20130718111912003&BookId=
二轮志书,专业志,国土资源志,http://116.113.96.251:8080/Search/SearchContent.aspx?RootId=20130718111939665&BookId=
二轮志书,专业志,建设志,http://116.113.96.251:8080/Search/SearchContent.aspx?RootId=20130718112101343&BookId=
二轮志书,专业志,环境志,http://116.113.96.251:8080/Search/SearchContent.aspx?RootId=20130718112117056&BookId=
二轮志书,专业志,交通志,http://116.113.96.251:8080/Search/SearchContent.aspx?RootId=20130718112145830&BookId=
二轮志书,专业志,农牧业志,http://116.113.96.251:8080/Search/SearchContent.aspx?RootId=20130718112228341&BookId=
二轮志书,专业志,水产志,http://116.113.96.251:8080/Search/SearchContent.aspx?RootId=20130718112249314&BookId=
二轮志书,专业志,林业志,http://116.113.96.251:8080/Search/SearchContent.aspx?RootId=20130718112325704&BookId=
二轮志书,专业志,商务志,http://116.113.96.251:8080/Search/SearchContent.aspx?RootId=20130718112350627&BookId=
二轮志书,专业志,卫生志,http://116.113.96.251:8080/Search/SearchContent.aspx?RootId=20130718112635710&BookId=
二轮志书,专业志,人口志,http://116.113.96.251:8080/Search/SearchContent.aspx?RootId=20130718112654471&BookId=
二轮志书,专业志,审计志,http://116.113.96.251:8080/Search/SearchContent.aspx?RootId=20130718112717034&BookId=
二轮志书,专业志,外事志,http://116.113.96.251:8080/Search/SearchContent.aspx?RootId=20130718112733850&BookId=
二轮志书,专业志,地税志,http://116.113.96.251:8080/Search/SearchContent.aspx?RootId=20130718112856968&BookId=
二轮志书,专业志,工商行政管理志,http://116.113.96.251:8080/Search/SearchContent.aspx?RootId=20130718112917748&BookId=
二轮志书,专业志,广播电影电视志,http://116.113.96.251:8080/Search/SearchContent.aspx?RootId=20130718112958142&BookId=
二轮志书,专业志,新闻出版志,http://116.113.96.251:8080/Search/SearchContent.aspx?RootId=20130718113015146&BookId=
二轮志书,专业志,体育志,http://116.113.96.251:8080/Search/SearchContent.aspx?RootId=20130718113034304&BookId=
二轮志书,专业志,旅游志,http://116.113.96.251:8080/Search/SearchContent.aspx?RootId=20130718113208077&BookId=
二轮志书,专业志,粮食志,http://116.113.96.251:8080/Search/SearchContent.aspx?RootId=20130718113221068&BookId=
二轮志书,专业志,扶贫开发志,http://116.113.96.251:8080/Search/SearchContent.aspx?RootId=20130718113236472&BookId=
二轮志书,专业志,国税志,http://116.113.96.251:8080/Search/SearchContent.aspx?RootId=20130718113306487&BookId=
二轮志书,专业志,地震志,http://116.113.96.251:8080/Search/SearchContent.aspx?RootId=20130718113319048&BookId=
二轮志书,专业志,气象志,http://116.113.96.251:8080/Search/SearchContent.aspx?RootId=20130718113332934&BookId=
二轮志书,专业志,煤炭工业志,http://116.113.96.251:8080/Search/SearchContent.aspx?RootId=20130718113445907&BookId=
二轮志书,专业志,出入境检验检疫志,http://116.113.96.251:8080/Search/SearchContent.aspx?RootId=20130718113535592&BookId=
二轮志书,专业志,邮政志,http://116.113.96.251:8080/Search/SearchContent.aspx?RootId=20130718113628919&BookId=
二轮志书,专业志,烟草志,http://116.113.96.251:8080/Search/SearchContent.aspx?RootId=20130718113640767&BookId=
二轮志书,专业志,盐业志,http://116.113.96.251:8080/Search/SearchContent.aspx?RootId=20130718121546321&BookId=
二轮志书,专业志,铁路志,http://116.113.96.251:8080/Search/SearchContent.aspx?RootId=20130718121601062&BookId=
二轮志书,专业志,海关志,http://116.113.96.251:8080/Search/SearchContent.aspx?RootId=20130718121643998&BookId=
二轮志书,专业志,金融志,http://116.113.96.251:8080/Search/SearchContent.aspx?RootId=20130718121735512&BookId=
二轮志书,专业志,电力工业志（1991——2003）,http://116.113.96.251:8080/Search/SearchContent.aspx?RootId=20130718121813684&BookId=
二轮志书,专业志,供销合作社志,http://116.113.96.251:8080/Search/SearchContent.aspx?RootId=20130718121833379&BookId=
二轮志书,专业志,大兴安岭森工志,http://116.113.96.251:8080/Search/SearchContent.aspx?RootId=20130718121904505&BookId=
二轮志书,专业志,蒙医药志,http://116.113.96.251:8080/Search/SearchContent.aspx?RootId=20130718122105092&BookId=
二轮志书,专业志,草原志,http://116.113.96.251:8080/Search/SearchContent.aspx?RootId=20130718122134224&BookId=
二轮志书,专业志,北京办事处志,http://116.113.96.251:8080/Search/SearchContent.aspx?RootId=20130718122612878&BookId=
二轮志书,专业志,上海办事处志,http://116.113.96.251:8080/Search/SearchContent.aspx?RootId=20130718122629432&BookId=
二轮志书,专业志,大事记,http://116.113.96.251:8080/Search/SearchContent.aspx?RootId=20130718122702315&BookId=
二轮志书,专业志,人物志,http://116.113.96.251:8080/Search/SearchContent.aspx?RootId=20130718122719286&BookId=
二轮志书,专业志,方志编纂志,http://116.113.96.251:8080/Search/SearchContent.aspx?RootId=20130718122737043&BookId=
二轮志书,专业志,民航志,http://116.113.96.251:8080/Search/SearchContent.aspx?RootId=20141010162435692&BookId=
二轮志书,专业志,统计志（1998-2013年）,http://116.113.96.251:8080/Search/SearchContent.aspx?RootId=20160803093218572&BookId=
二轮志书,专业志,质量技术监督志（2000—2016）,http://116.113.96.251:8080/Search/SearchContent.aspx?RootId=20191014140006179&BookId=
二轮志书,专业志,红十字志,http://116.113.96.251:8080/Search/SearchContent.aspx?RootId=20200427151444443&BookId=
二轮志书,专业志,水利志（1988—2010）,http://116.113.96.251:8080/Search/SearchContent.aspx?RootId=20200526140302722&BookId=
二轮志书,专业志,国土资源志（2000—2015）,http://116.113.96.251:8080/Search/SearchContent.aspx?RootId=20200804172342792&BookId=
二轮志书,专业志,通信志（1991—2010）,http://116.113.96.251:8080/Search/SearchContent.aspx?RootId=20201015095701454&BookId=
二轮志书,盟市志,兴安盟志(1996~2005年),http://116.113.96.251:8080/Search/SearchContent.aspx?RootId=20130717161852773&BookId=
二轮志书,盟市志,乌海市志（1994年～2008年）,http://116.113.96.251:8080/Search/SearchContent.aspx?RootId=20200208142752117&BookId=
二轮志书,盟市志,通辽市志（1999～2008年）,http://116.113.96.251:8080/Search/SearchContent.aspx?RootId=20200506155234055&BookId=
二轮志书,盟市志,锡林郭勒盟志（1991—2010）,http://116.113.96.251:8080/Search/SearchContent.aspx?RootId=20200527085108807&BookId=
二轮志书,盟市志,呼伦贝尔市志（1990—2005年）,http://116.113.96.251:8080/Search/SearchContent.aspx?RootId=20201105135835287&BookId=
二轮志书,旗县志,武川县志(1987～1997年）,http://116.113.96.251:8080/Search/SearchContent.aspx?RootId=20130717160053646&BookId=
二轮志书,旗县志,鄂伦春自治旗志(1989～1999年),http://116.113.96.251:8080/Search/SearchContent.aspx?RootId=20130717160137210&BookId=
二轮志书,旗县志,乌拉特后旗志(1989～2004年),http://116.113.96.251:8080/Search/SearchContent.aspx?RootId=20130717161711086&BookId=
二轮志书,旗县志,根河市志(1996~2005年),http://116.113.96.251:8080/Search/SearchContent.aspx?RootId=20130717162306419&BookId=
二轮志书,旗县志,扎赉特旗志(1986-2002年),http://116.113.96.251:8080/Search/SearchContent.aspx?RootId=20130717162346381&BookId=
二轮志书,旗县志,突泉县志(1986-2005年),http://116.113.96.251:8080/Search/SearchContent.aspx?RootId=20130717162437435&BookId=
二轮志书,旗县志,达尔罕茂明安联合旗志(1991-2005年),http://116.113.96.251:8080/Search/SearchContent.aspx?RootId=20130717162555161&BookId=
二轮志书,旗县志,开鲁县志(1998-2007),http://116.113.96.251:8080/Search/SearchContent.aspx?RootId=20130717162937295&BookId=
二轮志书,旗县志,科尔沁右翼前旗志（1989～2005年）,http://116.113.96.251:8080/Search/SearchContent.aspx?RootId=20130717163347884&BookId=
二轮志书,旗县志,呼和浩特市新城区志,http://116.113.96.251:8080/Search/SearchContent.aspx?RootId=20130719154919037&BookId=
二轮志书,旗县志,呼和浩特市回民区志,http://116.113.96.251:8080/Search/SearchContent.aspx?RootId=20130719154929741&BookId=
二轮志书,旗县志,呼和浩特市玉泉区志,http://116.113.96.251:8080/Search/SearchContent.aspx?RootId=20130719154940338&BookId=
二轮志书,旗县志,呼和浩特市郊区志,http://116.113.96.251:8080/Search/SearchContent.aspx?RootId=20130719154953398&BookId=
二轮志书,旗县志,土默特志,http://116.113.96.251:8080/Search/SearchContent.aspx?RootId=20130719155025220&BookId=
二轮志书,旗县志,托克托县志,http://116.113.96.251:8080/Search/SearchContent.aspx?RootId=20130719155040170&BookId=
二轮志书,旗县志,和林格尔县志,http://116.113.96.251:8080/Search/SearchContent.aspx?RootId=20130719155051447&BookId=
二轮志书,旗县志,清水河县志,http://116.113.96.251:8080/Search/SearchContent.aspx?RootId=20130719155100448&BookId=
二轮志书,旗县志,包头市昆都仑区志,http://116.113.96.251:8080/Search/SearchContent.aspx?RootId=20130719155123885&BookId=
二轮志书,旗县志,包头市东河区志,http://116.113.96.251:8080/Search/SearchContent.aspx?RootId=20130719155659622&BookId=
二轮志书,旗县志,包头市郊区志,http://116.113.96.251:8080/Search/SearchContent.aspx?RootId=20130719155745395&BookId=
二轮志书,旗县志,包头市石拐区志,http://116.113.96.251:8080/Search/SearchContent.aspx?RootId=20130719155757347&BookId=
二轮志书,旗县志,包头市白云鄂博矿区志,http://116.113.96.251:8080/Search/SearchContent.aspx?RootId=20130719161341884&BookId=
二轮志书,旗县志,固阳县志,http://116.113.96.251:8080/Search/SearchContent.aspx?RootId=20130719161533903&BookId=
二轮志书,旗县志,乌海市海渤湾区志,http://116.113.96.251:8080/Search/SearchContent.aspx?RootId=20130719161546084&BookId=
二轮志书,旗县志,乌海市乌达区志,http://116.113.96.251:8080/Search/SearchContent.aspx?RootId=20130719161556281&BookId=
二轮志书,旗县志,乌海市海南区志,http://116.113.96.251:8080/Search/SearchContent.aspx?RootId=20130719161607739&BookId=
二轮志书,旗县志,赤峰市红山区志,http://116.113.96.251:8080/Search/SearchContent.aspx?RootId=20130719161619914&BookId=
二轮志书,旗县志,巴林左旗志,http://116.113.96.251:8080/Search/SearchContent.aspx?RootId=20130719161850575&BookId=
二轮志书,旗县志,巴林右旗志,http://116.113.96.251:8080/Search/SearchContent.aspx?RootId=20130719161901933&BookId=
二轮志书,旗县志,克什克腾旗志,http://116.113.96.251:8080/Search/SearchContent.aspx?RootId=20130719161932606&BookId=
二轮志书,旗县志,敖汉旗志,http://116.113.96.251:8080/Search/SearchContent.aspx?RootId=20130719161943964&BookId=
二轮志书,旗县志,翁牛特旗志,http://116.113.96.251:8080/Search/SearchContent.aspx?RootId=20130719161953220&BookId=
二轮志书,旗县志,喀喇沁旗志,http://116.113.96.251:8080/Search/SearchContent.aspx?RootId=20130719162009173&BookId=
二轮志书,旗县志,林西县志,http://116.113.96.251:8080/Search/SearchContent.aspx?RootId=20130719162130478&BookId=
二轮志书,旗县志,海拉尔市志,http://116.113.96.251:8080/Search/SearchContent.aspx?RootId=20130719162141372&BookId=
二轮志书,旗县志,额尔古纳右旗志,http://116.113.96.251:8080/Search/SearchContent.aspx?RootId=20130719162308884&BookId=
二轮志书,旗县志,陈巴尔虎旗志,http://116.113.96.251:8080/Search/SearchContent.aspx?RootId=20130719162407835&BookId=
二轮志书,旗县志,乌兰浩特市志,http://116.113.96.251:8080/Search/SearchContent.aspx?RootId=20130719163252550&BookId=
二轮志书,旗县志,阿尔山市志,http://116.113.96.251:8080/Search/SearchContent.aspx?RootId=20130719163303079&BookId=
二轮志书,旗县志,科尔沁左翼中旗志,http://116.113.96.251:8080/Search/SearchContent.aspx?RootId=20130719163604723&BookId=
二轮志书,旗县志,库伦旗志,http://116.113.96.251:8080/Search/SearchContent.aspx?RootId=20130719163645407&BookId=
二轮志书,旗县志,奈曼旗志,http://116.113.96.251:8080/Search/SearchContent.aspx?RootId=20130719163656530&BookId=
二轮志书,旗县志,扎鲁特旗志,http://116.113.96.251:8080/Search/SearchContent.aspx?RootId=20130719163709904&BookId=
二轮志书,旗县志,锡林浩特市志,http://116.113.96.251:8080/Search/SearchContent.aspx?RootId=20130719163806646&BookId=
二轮志书,旗县志,阿巴嘎旗志,http://116.113.96.251:8080/Search/SearchContent.aspx?RootId=20130719163858795&BookId=
二轮志书,旗县志,东乌珠穆沁旗志,http://116.113.96.251:8080/Search/SearchContent.aspx?RootId=20130719163914507&BookId=
二轮志书,旗县志,西乌珠穆沁旗志,http://116.113.96.251:8080/Search/SearchContent.aspx?RootId=20130719163927304&BookId=
二轮志书,旗县志,苏尼特右旗志,http://116.113.96.251:8080/Search/SearchContent.aspx?RootId=20130719164008908&BookId=
二轮志书,旗县志,正蓝旗志,http://116.113.96.251:8080/Search/SearchContent.aspx?RootId=20130719164023896&BookId=
二轮志书,旗县志,正镶白旗志,http://116.113.96.251:8080/Search/SearchContent.aspx?RootId=20130719164037585&BookId=
二轮志书,旗县志,镶黄旗志,http://116.113.96.251:8080/Search/SearchContent.aspx?RootId=20130719164050053&BookId=
二轮志书,旗县志,太仆寺旗志,http://116.113.96.251:8080/Search/SearchContent.aspx?RootId=20130719164100569&BookId=
二轮志书,旗县志,多伦县志,http://116.113.96.251:8080/Search/SearchContent.aspx?RootId=20130719164113097&BookId=
二轮志书,旗县志,乌拉盖开发区志,http://116.113.96.251:8080/Search/SearchContent.aspx?RootId=20130719164130454&BookId=
二轮志书,旗县志,集宁市志,http://116.113.96.251:8080/Search/SearchContent.aspx?RootId=20130719164143045&BookId=
二轮志书,旗县志,丰镇市志,http://116.113.96.251:8080/Search/SearchContent.aspx?RootId=20130719164154323&BookId=
二轮志书,旗县志,察哈尔右翼前旗志,http://116.113.96.251:8080/Search/SearchContent.aspx?RootId=20130719164206248&BookId=
二轮志书,旗县志,四子王旗志,http://116.113.96.251:8080/Search/SearchContent.aspx?RootId=20130719164251227&BookId=
二轮志书,旗县志,兴和县志,http://116.113.96.251:8080/Search/SearchContent.aspx?RootId=20130719164324732&BookId=
二轮志书,旗县志,化德县志,http://116.113.96.251:8080/Search/SearchContent.aspx?RootId=20130719164335603&BookId=
二轮志书,旗县志,凉城县志,http://116.113.96.251:8080/Search/SearchContent.aspx?RootId=20130719164346944&BookId=
二轮志书,旗县志,东胜市志,http://116.113.96.251:8080/Search/SearchContent.aspx?RootId=20130719164400238&BookId=
二轮志书,旗县志,伊金霍洛旗志,http://116.113.96.251:8080/Search/SearchContent.aspx?RootId=20130719164410796&BookId=
二轮志书,旗县志,准格尔旗志,http://116.113.96.251:8080/Search/SearchContent.aspx?RootId=20130719164430206&BookId=
二轮志书,旗县志,鄂托克旗志,http://116.113.96.251:8080/Search/SearchContent.aspx?RootId=20130719164442127&BookId=
二轮志书,旗县志,鄂托克前旗志,http://116.113.96.251:8080/Search/SearchContent.aspx?RootId=20130719164455589&BookId=
二轮志书,旗县志,乌审旗志,http://116.113.96.251:8080/Search/SearchContent.aspx?RootId=20130719164538421&BookId=
二轮志书,旗县志,达拉特旗志,http://116.113.96.251:8080/Search/SearchContent.aspx?RootId=20130719164548357&BookId=
二轮志书,旗县志,临河市志,http://116.113.96.251:8080/Search/SearchContent.aspx?RootId=20130719164607304&BookId=
二轮志书,旗县志,乌拉特前旗志,http://116.113.96.251:8080/Search/SearchContent.aspx?RootId=20130719164619049&BookId=
二轮志书,旗县志,乌拉特中旗志,http://116.113.96.251:8080/Search/SearchContent.aspx?RootId=20130719164639132&BookId=
二轮志书,旗县志,杭锦后旗志,http://116.113.96.251:8080/Search/SearchContent.aspx?RootId=20130719164711767&BookId=
二轮志书,旗县志,五原县志,http://116.113.96.251:8080/Search/SearchContent.aspx?RootId=20130719164722124&BookId=
二轮志书,旗县志,额济纳旗志,http://116.113.96.251:8080/Search/SearchContent.aspx?RootId=20130719164819040&BookId=
二轮志书,旗县志,呼和浩特市经济技术开发区金川工业园区志,http://116.113.96.251:8080/Search/SearchContent.aspx?RootId=20180606095927055&BookId=
二轮志书,旗县志,阿拉善右旗志（2000—2010）,http://116.113.96.251:8080/Search/SearchContent.aspx?RootId=20180703133759429&BookId=
二轮志书,旗县志,牙克石市志（1990～2005）,http://116.113.96.251:8080/Search/SearchContent.aspx?RootId=20180703172850621&BookId=
二轮志书,旗县志,商都县志（2005-2013年）上,http://116.113.96.251:8080/Search/SearchContent.aspx?RootId=20180704143657256&BookId=
二轮志书,旗县志,商都县志（2005-2013年）下,http://116.113.96.251:8080/Search/SearchContent.aspx?RootId=20180705134543102&BookId=
二轮志书,旗县志,阿拉善左旗志（2000—2012年）,http://116.113.96.251:8080/Search/SearchContent.aspx?RootId=20180710131220416&BookId=
二轮志书,旗县志,赤峰市松山区志（1991-2005年）,http://116.113.96.251:8080/Search/SearchContent.aspx?RootId=20180710131726801&BookId=
二轮志书,旗县志,阿荣旗志（1991~2005年）,http://116.113.96.251:8080/Search/SearchContent.aspx?RootId=20180711134100135&BookId=
二轮志书,旗县志,扎兰屯市志（1991—2006年）,http://116.113.96.251:8080/Search/SearchContent.aspx?RootId=20180712133341621&BookId=
二轮志书,旗县志,科尔沁左翼后旗志（1989～2007年）,http://116.113.96.251:8080/Search/SearchContent.aspx?RootId=20190612115301667&BookId=
二轮志书,旗县志,苏尼特左旗志（2000—2010年）,http://116.113.96.251:8080/Search/SearchContent.aspx?RootId=20190617093745814&BookId=
二轮志书,旗县志,察哈尔右翼后旗志（2001—2010）,http://116.113.96.251:8080/Search/SearchContent.aspx?RootId=20190618112519330&BookId=
二轮志书,旗县志,满洲里市志（1997～2005年）,http://116.113.96.251:8080/Search/SearchContent.aspx?RootId=20190619142346537&BookId=
二轮志书,旗县志,磴口县志（1988～2010年）,http://116.113.96.251:8080/Search/SearchContent.aspx?RootId=20190702100903525&BookId=
二轮志书,旗县志,包头市青山区志（1991—2010年）,http://116.113.96.251:8080/Search/SearchContent.aspx?RootId=20190709102846183&BookId=
二轮志书,旗县志,新巴尔虎左旗志（1997～2005年）,http://116.113.96.251:8080/Search/SearchContent.aspx?RootId=20190715133353670&BookId=
二轮志书,旗县志,莫力达瓦达斡尔族自治旗志（1993～2005年）,http://116.113.96.251:8080/Search/SearchContent.aspx?RootId=20190717115803475&BookId=
二轮志书,旗县志,杭锦旗志（1991—2010）,http://116.113.96.251:8080/Search/SearchContent.aspx?RootId=20190905114250710&BookId=
二轮志书,旗县志,霍林郭勒市志（1994～2006年）,http://116.113.96.251:8080/Search/SearchContent.aspx?RootId=20190925140639294&BookId=
二轮志书,旗县志,察哈尔右翼中旗志(1997—2007),http://116.113.96.251:8080/Search/SearchContent.aspx?RootId=20190930151016946&BookId=
二轮志书,旗县志,科尔沁右翼中旗志(1988～2005),http://116.113.96.251:8080/Search/SearchContent.aspx?RootId=20191017172841856&BookId=
二轮志书,旗县志,土默特右旗志（1991～2008）,http://116.113.96.251:8080/Search/SearchContent.aspx?RootId=20191204170908710&BookId=
二轮志书,旗县志,新巴尔虎右旗志（1991～2005年）,http://116.113.96.251:8080/Search/SearchContent.aspx?RootId=20200403165157925&BookId=
二轮志书,旗县志,鄂温克族自治旗志（1991～2005年）,http://116.113.96.251:8080/Search/SearchContent.aspx?RootId=20200403165436873&BookId=
二轮志书,旗县志,赤峰市元宝山区志（1996—2008年）,http://116.113.96.251:8080/Search/SearchContent.aspx?RootId=20200508113325373&BookId=
二轮志书,旗县志,卓资县志,http://116.113.96.251:8080/Search/SearchContent.aspx?RootId=20200508160227314&BookId=
二轮志书,旗县志,二连浩特市志（2000—2010年）,http://116.113.96.251:8080/Search/SearchContent.aspx?RootId=20200523145322712&BookId=
二轮志书,旗县志,阿鲁科尔沁旗志（1989～2006年）,http://116.113.96.251:8080/Search/SearchContent.aspx?RootId=20200623172052303&BookId=
二轮志书,旗县志,宁城县志（1986—2010）,http://116.113.96.251:8080/Search/SearchContent.aspx?RootId=20200812153709113&BookId=
年鉴,内蒙古年鉴,1998,http://116.113.96.251:8080/Search/SearchContent.aspx?RootId=20130719165926051&BookId=
年鉴,内蒙古年鉴,1999,http://116.113.96.251:8080/Search/SearchContent.aspx?RootId=20130826122524703&BookId=
年鉴,内蒙古年鉴,2000,http://116.113.96.251:8080/Search/SearchContent.aspx?RootId=20130826122539741&BookId=
年鉴,内蒙古年鉴,2001,http://116.113.96.251:8080/Search/SearchContent.aspx?RootId=20130826122637617&BookId=
年鉴,内蒙古年鉴,2002,http://116.113.96.251:8080/Search/SearchContent.aspx?RootId=20130826122652952&BookId=
年鉴,内蒙古年鉴,2003,http://116.113.96.251:8080/Search/SearchContent.aspx?RootId=20130826122703919&BookId=
年鉴,内蒙古年鉴,2004,http://116.113.96.251:8080/Search/SearchContent.aspx?RootId=20130826122720377&BookId=
年鉴,内蒙古年鉴,2005,http://116.113.96.251:8080/Search/SearchContent.aspx?RootId=20130826122729784&BookId=
年鉴,内蒙古年鉴,2006,http://116.113.96.251:8080/Search/SearchContent.aspx?RootId=20130826122738333&BookId=
年鉴,内蒙古年鉴,2007,http://116.113.96.251:8080/Search/SearchContent.aspx?RootId=20130826122747942&BookId=
年鉴,内蒙古年鉴,2008,http://116.113.96.251:8080/Search/SearchContent.aspx?RootId=20130826122757318&BookId=
年鉴,内蒙古年鉴,2009,http://116.113.96.251:8080/Search/SearchContent.aspx?RootId=20130826122817114&BookId=
年鉴,内蒙古年鉴,2010,http://116.113.96.251:8080/Search/SearchContent.aspx?RootId=20130826122828518&BookId=
年鉴,内蒙古年鉴,2011,http://116.113.96.251:8080/Search/SearchContent.aspx?RootId=20130826122843587&BookId=
年鉴,内蒙古年鉴,2012,http://116.113.96.251:8080/Search/SearchContent.aspx?RootId=20130826122852386&BookId=
年鉴,内蒙古年鉴,2013,http://116.113.96.251:8080/Search/SearchContent.aspx?RootId=20130826122900763&BookId=
年鉴,内蒙古年鉴,2014,http://116.113.96.251:8080/Search/SearchContent.aspx?RootId=20181130092641293&BookId=
年鉴,内蒙古年鉴,2015,http://116.113.96.251:8080/Search/SearchContent.aspx?RootId=20181130093346846&BookId=
年鉴,内蒙古年鉴,2016,http://116.113.96.251:8080/Search/SearchContent.aspx?RootId=20181130093357954&BookId=
年鉴,内蒙古年鉴,2017,http://116.113.96.251:8080/Search/SearchContent.aspx?RootId=20181130093408733&BookId=
年鉴,内蒙古年鉴,2018,http://116.113.96.251:8080/Search/SearchContent.aspx?RootId=20191217161110067&BookId=
年鉴,内蒙古年鉴,2019,http://116.113.96.251:8080/Search/SearchContent.aspx?RootId=20201228131904405&BookId=
年鉴,盟市年鉴,呼伦贝尔年鉴（2001卷）,http://116.113.96.251:8080/Search/SearchContent.aspx?RootId=20201204092112259&BookId=
年鉴,盟市年鉴,呼伦贝尔年鉴（2002—2003卷）,http://116.113.96.251:8080/Search/SearchContent.aspx?RootId=20201204092726768&BookId=
年鉴,盟市年鉴,呼伦贝尔年鉴（2004卷）,http://116.113.96.251:8080/Search/SearchContent.aspx?RootId=20201204093220891&BookId=
年鉴,盟市年鉴,呼伦贝尔年鉴（2005—2006卷）,http://116.113.96.251:8080/Search/SearchContent.aspx?RootId=20201204093543614&BookId=
年鉴,盟市年鉴,呼伦贝尔年鉴（2007—2008卷）,http://116.113.96.251:8080/Search/SearchContent.aspx?RootId=20201204093751456&BookId=
年鉴,盟市年鉴,呼伦贝尔年鉴（2009卷）,http://116.113.96.251:8080/Search/SearchContent.aspx?RootId=20201204093903918&BookId=
年鉴,盟市年鉴,呼伦贝尔年鉴（2010卷）,http://116.113.96.251:8080/Search/SearchContent.aspx?RootId=20201204094017847&BookId=
年鉴,盟市年鉴,呼伦贝尔年鉴（2011卷）,http://116.113.96.251:8080/Search/SearchContent.aspx?RootId=20201204105550091&BookId=
年鉴,盟市年鉴,呼伦贝尔年鉴（2012卷）,http://116.113.96.251:8080/Search/SearchContent.aspx?RootId=20201204105743660&BookId=
年鉴,盟市年鉴,呼伦贝尔年鉴（2013卷）,http://116.113.96.251:8080/Search/SearchContent.aspx?RootId=20201204105908118&BookId=
年鉴,盟市年鉴,呼伦贝尔年鉴（2014卷）,http://116.113.96.251:8080/Search/SearchContent.aspx?RootId=20201204110650456&BookId=
年鉴,盟市年鉴,呼伦贝尔年鉴（2015卷）,http://116.113.96.251:8080/Search/SearchContent.aspx?RootId=20201204110812263&BookId=
年鉴,盟市年鉴,呼伦贝尔年鉴（2016卷）,http://116.113.96.251:8080/Search/SearchContent.aspx?RootId=20201204110853728&BookId=
年鉴,盟市年鉴,呼伦贝尔年鉴（2017卷）,http://116.113.96.251:8080/Search/SearchContent.aspx?RootId=20201204111029512&BookId=
年鉴,盟市年鉴,呼伦贝尔年鉴（2018卷）,http://116.113.96.251:8080/Search/SearchContent.aspx?RootId=20201204111214344&BookId=
年鉴,盟市年鉴,呼和浩特年鉴（2002—2003卷）,http://116.113.96.251:8080/Search/SearchContent.aspx?RootId=20191112102212864&BookId=
年鉴,盟市年鉴,呼和浩特年鉴（2004—2005卷）,http://116.113.96.251:8080/Search/SearchContent.aspx?RootId=20191112102416869&BookId=
年鉴,盟市年鉴,呼和浩特年鉴（2006—2007卷）,http://116.113.96.251:8080/Search/SearchContent.aspx?RootId=20191112102555289&BookId=
年鉴,盟市年鉴,呼和浩特年鉴（2008卷）,http://116.113.96.251:8080/Search/SearchContent.aspx?RootId=20191112102807718&BookId=
年鉴,盟市年鉴,呼和浩特年鉴（2009卷）,http://116.113.96.251:8080/Search/SearchContent.aspx?RootId=20191112103435067&BookId=
年鉴,盟市年鉴,呼和浩特年鉴（2010卷）,http://116.113.96.251:8080/Search/SearchContent.aspx?RootId=20191112103602801&BookId=
年鉴,盟市年鉴,呼和浩特年鉴（2011卷）,http://116.113.96.251:8080/Search/SearchContent.aspx?RootId=20191112103724514&BookId=
年鉴,盟市年鉴,呼和浩特年鉴（2012卷）,http://116.113.96.251:8080/Search/SearchContent.aspx?RootId=20191112104913333&BookId=
年鉴,盟市年鉴,呼和浩特年鉴（2013卷）,http://116.113.96.251:8080/Search/SearchContent.aspx?RootId=20191112105013798&BookId=
年鉴,盟市年鉴,呼和浩特年鉴（2014卷）,http://116.113.96.251:8080/Search/SearchContent.aspx?RootId=20191112105106683&BookId=
年鉴,盟市年鉴,呼和浩特年鉴（2015卷）,http://116.113.96.251:8080/Search/SearchContent.aspx?RootId=20191112105214106&BookId=
年鉴,盟市年鉴,呼和浩特年鉴（2016卷）,http://116.113.96.251:8080/Search/SearchContent.aspx?RootId=20191112105408033&BookId=
年鉴,盟市年鉴,呼和浩特年鉴（2017卷）,http://116.113.96.251:8080/Search/SearchContent.aspx?RootId=20191112105517001&BookId=
年鉴,盟市年鉴,包头年鉴（2001—2002卷）,http://116.113.96.251:8080/Search/SearchContent.aspx?RootId=20200427170334567&BookId=
年鉴,盟市年鉴,包头年鉴（2003—2004卷）,http://116.113.96.251:8080/Search/SearchContent.aspx?RootId=20200427170521069&BookId=
年鉴,盟市年鉴,包头年鉴（2005—2006卷）,http://116.113.96.251:8080/Search/SearchContent.aspx?RootId=20200427170626807&BookId=
年鉴,盟市年鉴,包头年鉴（2007—2008卷）,http://116.113.96.251:8080/Search/SearchContent.aspx?RootId=20200427170714809&BookId=
年鉴,盟市年鉴,包头年鉴（2009—2010卷）,http://116.113.96.251:8080/Search/SearchContent.aspx?RootId=20200427170800953&BookId=
年鉴,盟市年鉴,包头年鉴（2011—2012卷）,http://116.113.96.251:8080/Search/SearchContent.aspx?RootId=20200427170908439&BookId=
年鉴,盟市年鉴,包头年鉴（2013—2014卷）,http://116.113.96.251:8080/Search/SearchContent.aspx?RootId=20200427170947673&BookId=
年鉴,盟市年鉴,包头年鉴（2015—2016卷）,http://116.113.96.251:8080/Search/SearchContent.aspx?RootId=20200427171021947&BookId=
年鉴,盟市年鉴,鄂尔多斯年鉴（2002—2003卷）,http://116.113.96.251:8080/Search/SearchContent.aspx?RootId=20200720164545315&BookId=
年鉴,盟市年鉴,鄂尔多斯年鉴（2004—2005卷）,http://116.113.96.251:8080/Search/SearchContent.aspx?RootId=20200720164654330&BookId=
年鉴,盟市年鉴,鄂尔多斯年鉴（2006—2007卷）,http://116.113.96.251:8080/Search/SearchContent.aspx?RootId=20200720164738150&BookId=
年鉴,盟市年鉴,鄂尔多斯年鉴（2008卷）,http://116.113.96.251:8080/Search/SearchContent.aspx?RootId=20200720164823718&BookId=
年鉴,盟市年鉴,鄂尔多斯年鉴（2009卷）,http://116.113.96.251:8080/Search/SearchContent.aspx?RootId=20200720164900440&BookId=
年鉴,盟市年鉴,鄂尔多斯年鉴（2010卷）,http://116.113.96.251:8080/Search/SearchContent.aspx?RootId=20200720164947006&BookId=
年鉴,盟市年鉴,鄂尔多斯年鉴（2011卷）,http://116.113.96.251:8080/Search/SearchContent.aspx?RootId=20200720165024649&BookId=
年鉴,旗县年鉴,四子王旗年鉴（2012 卷）,http://116.113.96.251:8080/Search/SearchContent.aspx?RootId=20191014150323537&BookId=
年鉴,旗县年鉴,四子王旗年鉴（2014～2015卷）,http://116.113.96.251:8080/Search/SearchContent.aspx?RootId=20191014150552034&BookId=
年鉴,旗县年鉴,四子王旗年鉴（2017卷）,http://116.113.96.251:8080/Search/SearchContent.aspx?RootId=20191014150656041&BookId=
年鉴,旗县年鉴,四子王旗年鉴（2018卷）,http://116.113.96.251:8080/Search/SearchContent.aspx?RootId=20191014150753356&BookId=
刊物,1983年,1983一期,http://116.113.96.251:8080/Search/SearchContent.aspx?RootId=20201214171757497&BookId=
刊物,1983年,1983二期,http://116.113.96.251:8080/Search/SearchContent.aspx?RootId=20201214171818229&BookId=
刊物,1983年,1983三期,http://116.113.96.251:8080/Search/SearchContent.aspx?RootId=20201214171833034&BookId=
刊物,1983年,1983四期,http://116.113.96.251:8080/Search/SearchContent.aspx?RootId=20201214171856106&BookId=
刊物,1984年,1984一期,http://116.113.96.251:8080/Search/SearchContent.aspx?RootId=20201215085938862&BookId=
刊物,1984年,1984二期,http://116.113.96.251:8080/Search/SearchContent.aspx?RootId=20201215090002823&BookId=
刊物,1984年,1984三期,http://116.113.96.251:8080/Search/SearchContent.aspx?RootId=20201215090017534&BookId=
刊物,1984年,1984四、五期,http://116.113.96.251:8080/Search/SearchContent.aspx?RootId=20201215090031621&BookId=
刊物,1984年,1984六期,http://116.113.96.251:8080/Search/SearchContent.aspx?RootId=20201215090151368&BookId=
刊物,1985年,1985一、二期,http://116.113.96.251:8080/Search/SearchContent.aspx?RootId=20201215090117454&BookId=
刊物,1985年,1985三、四期,http://116.113.96.251:8080/Search/SearchContent.aspx?RootId=20201215090232194&BookId=
刊物,1985年,1985五、六期,http://116.113.96.251:8080/Search/SearchContent.aspx?RootId=20201215090249697&BookId=
刊物,1986年,1986一期,http://116.113.96.251:8080/Search/SearchContent.aspx?RootId=20201215090411113&BookId=
刊物,1987年,1987一、二期,http://116.113.96.251:8080/Search/SearchContent.aspx?RootId=20201215090458678&BookId=
刊物,1988年,1988一期,http://116.113.96.251:8080/Search/SearchContent.aspx?RootId=20201215090819450&BookId=
刊物,1988年,1988二期,http://116.113.96.251:8080/Search/SearchContent.aspx?RootId=20201215090833194&BookId=
刊物,1988年,1988三期,http://116.113.96.251:8080/Search/SearchContent.aspx?RootId=20201215090845877&BookId=
刊物,1988年,1988四期,http://116.113.96.251:8080/Search/SearchContent.aspx?RootId=20201215090856937&BookId=
刊物,1989年,1989一期,http://116.113.96.251:8080/Search/SearchContent.aspx?RootId=20201215090912740&BookId=
刊物,1989年,1989二、三期,http://116.113.96.251:8080/Search/SearchContent.aspx?RootId=20201215090937497&BookId=
刊物,1989年,1989四期,http://116.113.96.251:8080/Search/SearchContent.aspx?RootId=20201215091004080&BookId=
刊物,1990年,1990一期,http://116.113.96.251:8080/Search/SearchContent.aspx?RootId=20201215091037869&BookId=
刊物,1990年,1990二期,http://116.113.96.251:8080/Search/SearchContent.aspx?RootId=20201215091058024&BookId=
刊物,1990年,1990三期,http://116.113.96.251:8080/Search/SearchContent.aspx?RootId=20201215091113234&BookId=
刊物,1990年,1990四期,http://116.113.96.251:8080/Search/SearchContent.aspx?RootId=20201215091124217&BookId=
刊物,1991年,1991一期,http://116.113.96.251:8080/Search/SearchContent.aspx?RootId=20201215091142765&BookId=
刊物,1991年,1991二期,http://116.113.96.251:8080/Search/SearchContent.aspx?RootId=20201215091156743&BookId=
刊物,1991年,1991三期,http://116.113.96.251:8080/Search/SearchContent.aspx?RootId=20201215091209239&BookId=
刊物,1991年,1991四期,http://116.113.96.251:8080/Search/SearchContent.aspx?RootId=20201215091231531&BookId=
刊物,1992年,1992一期,http://116.113.96.251:8080/Search/SearchContent.aspx?RootId=20201215091246460&BookId=
刊物,1992年,1992二期,http://116.113.96.251:8080/Search/SearchContent.aspx?RootId=20201215091259361&BookId=
刊物,1992年,1992三期,http://116.113.96.251:8080/Search/SearchContent.aspx?RootId=20201215091311436&BookId=
刊物,1992年,1992四期,http://116.113.96.251:8080/Search/SearchContent.aspx?RootId=20201215091324805&BookId=
刊物,1993年,1993一、二期,http://116.113.96.251:8080/Search/SearchContent.aspx?RootId=20201215091338471&BookId=
刊物,1993年,1993三期,http://116.113.96.251:8080/Search/SearchContent.aspx?RootId=20201215091626265&BookId=
刊物,1993年,1993四期,http://116.113.96.251:8080/Search/SearchContent.aspx?RootId=20201215091644875&BookId=
刊物,1994年,1994一期,http://116.113.96.251:8080/Search/SearchContent.aspx?RootId=20201215091819162&BookId=
刊物,1994年,1994二期,http://116.113.96.251:8080/Search/SearchContent.aspx?RootId=20201215091829489&BookId=
刊物,1994年,1994三期,http://116.113.96.251:8080/Search/SearchContent.aspx?RootId=20201215091846696&BookId=
刊物,1994年,1994四期,http://116.113.96.251:8080/Search/SearchContent.aspx?RootId=20201215091902343&BookId=
刊物,1995年,1995一、二期,http://116.113.96.251:8080/Search/SearchContent.aspx?RootId=20201215091929627&BookId=
刊物,1995年,1995三期,http://116.113.96.251:8080/Search/SearchContent.aspx?RootId=20201215091952981&BookId=
刊物,1995年,1995四期,http://116.113.96.251:8080/Search/SearchContent.aspx?RootId=20201215092011966&BookId=
刊物,1996年,1996一期,http://116.113.96.251:8080/Search/SearchContent.aspx?RootId=20201215092025787&BookId=
刊物,1996年,1996二期,http://116.113.96.251:8080/Search/SearchContent.aspx?RootId=20201215092042183&BookId=
刊物,1996年,1996三期,http://116.113.96.251:8080/Search/SearchContent.aspx?RootId=20201215092055802&BookId=
刊物,1996年,1996四期,http://116.113.96.251:8080/Search/SearchContent.aspx?RootId=20201215092110014&BookId=
刊物,1997年,1997一期,http://116.113.96.251:8080/Search/SearchContent.aspx?RootId=20201215092132290&BookId=
刊物,1997年,1997二期,http://116.113.96.251:8080/Search/SearchContent.aspx?RootId=20201215092151666&BookId=
刊物,1997年,1997三期,http://116.113.96.251:8080/Search/SearchContent.aspx?RootId=20201215092203709&BookId=
刊物,1997年,1997四期,http://116.113.96.251:8080/Search/SearchContent.aspx?RootId=20201215092216158&BookId=
刊物,1998年,1998一、二期,http://116.113.96.251:8080/Search/SearchContent.aspx?RootId=20201215092239558&BookId=
刊物,1998年,1998三期,http://116.113.96.251:8080/Search/SearchContent.aspx?RootId=20201215092251928&BookId=
刊物,1998年,1998四期,http://116.113.96.251:8080/Search/SearchContent.aspx?RootId=20201215092318714&BookId=
刊物,1999年,1999一期,http://116.113.96.251:8080/Search/SearchContent.aspx?RootId=20201215092336061&BookId=
刊物,1999年,1999二期,http://116.113.96.251:8080/Search/SearchContent.aspx?RootId=20201215092347605&BookId=
刊物,1999年,1999三期,http://116.113.96.251:8080/Search/SearchContent.aspx?RootId=20201215092403969&BookId=
刊物,1999年,1999四期,http://116.113.96.251:8080/Search/SearchContent.aspx?RootId=20201215092416590&BookId=
刊物,2000年,2000一期,http://116.113.96.251:8080/Search/SearchContent.aspx?RootId=20201215092429023&BookId=
刊物,2000年,2000二期,http://116.113.96.251:8080/Search/SearchContent.aspx?RootId=20201215092443671&BookId=
刊物,2000年,2000三期,http://116.113.96.251:8080/Search/SearchContent.aspx?RootId=20201215092454935&BookId=
刊物,2000年,2000四期,http://116.113.96.251:8080/Search/SearchContent.aspx?RootId=20201215092508164&BookId=
刊物,2001年,2001一期,http://116.113.96.251:8080/Search/SearchContent.aspx?RootId=20201215092521704&BookId=
刊物,2001年,2001二期,http://116.113.96.251:8080/Search/SearchContent.aspx?RootId=20201215092537772&BookId=
刊物,2001年,2001三期,http://116.113.96.251:8080/Search/SearchContent.aspx?RootId=20201215092551391&BookId=
刊物,2001年,2001四期,http://116.113.96.251:8080/Search/SearchContent.aspx?RootId=20201215092603372&BookId=
刊物,2002年,2002一期,http://116.113.96.251:8080/Search/SearchContent.aspx?RootId=20130803134756936&BookId=
刊物,2002年,2002二期,http://116.113.96.251:8080/Search/SearchContent.aspx?RootId=20130803134807700&BookId=
刊物,2002年,2002三期,http://116.113.96.251:8080/Search/SearchContent.aspx?RootId=20130803134818308&BookId=
刊物,2002年,2002四期,http://116.113.96.251:8080/Search/SearchContent.aspx?RootId=20130803134828838&BookId=
刊物,2003年,2003一期,http://116.113.96.251:8080/Search/SearchContent.aspx?RootId=20201113144611554&BookId=
刊物,2003年,2003二期,http://116.113.96.251:8080/Search/SearchContent.aspx?RootId=20201113144628464&BookId=
刊物,2003年,2003三期,http://116.113.96.251:8080/Search/SearchContent.aspx?RootId=20201113144645640&BookId=
刊物,2003年,2003四期,http://116.113.96.251:8080/Search/SearchContent.aspx?RootId=20201113151548600&BookId=
刊物,2003年,2003五期,http://116.113.96.251:8080/Search/SearchContent.aspx?RootId=20201113145114194&BookId=
刊物,2003年,2003六期,http://116.113.96.251:8080/Search/SearchContent.aspx?RootId=20201113145040748&BookId=
刊物,2004年,2004一期,http://116.113.96.251:8080/Search/SearchContent.aspx?RootId=20201113151238732&BookId=
刊物,2004年,2004二期,http://116.113.96.251:8080/Search/SearchContent.aspx?RootId=20201113151255876&BookId=
刊物,2004年,2004三期,http://116.113.96.251:8080/Search/SearchContent.aspx?RootId=20201113151308106&BookId=
刊物,2004年,2004四期,http://116.113.96.251:8080/Search/SearchContent.aspx?RootId=20201113151322536&BookId=
刊物,2004年,2004五期,http://116.113.96.251:8080/Search/SearchContent.aspx?RootId=20201113151338698&BookId=
刊物,2004年,2004六期,http://116.113.96.251:8080/Search/SearchContent.aspx?RootId=20201113151401053&BookId=
刊物,2005年,2005一期,http://116.113.96.251:8080/Search/SearchContent.aspx?RootId=20201113142959844&BookId=
刊物,2005年,2005二期,http://116.113.96.251:8080/Search/SearchContent.aspx?RootId=20201113143014352&BookId=
刊物,2005年,2005三期,http://116.113.96.251:8080/Search/SearchContent.aspx?RootId=20201113143029718&BookId=
刊物,2005年,2005四期,http://116.113.96.251:8080/Search/SearchContent.aspx?RootId=20201113143046191&BookId=
刊物,2005年,2005五期,http://116.113.96.251:8080/Search/SearchContent.aspx?RootId=20201113143124895&BookId=
刊物,2005年,2005六期,http://116.113.96.251:8080/Search/SearchContent.aspx?RootId=20201113143141961&BookId=
刊物,2006年,2006一期,http://116.113.96.251:8080/Search/SearchContent.aspx?RootId=20201113151505777&BookId=
刊物,2006年,2006二期,http://116.113.96.251:8080/Search/SearchContent.aspx?RootId=20201113151516058&BookId=
刊物,2006年,2006三期,http://116.113.96.251:8080/Search/SearchContent.aspx?RootId=20201113151532890&BookId=
刊物,2006年,2006四期,http://116.113.96.251:8080/Search/SearchContent.aspx?RootId=20201113145004618&BookId=
刊物,2006年,2006五期,http://116.113.96.251:8080/Search/SearchContent.aspx?RootId=20201113151618146&BookId=
刊物,2006年,2006六期,http://116.113.96.251:8080/Search/SearchContent.aspx?RootId=20201113151636445&BookId=
刊物,2007年,2007一期,http://116.113.96.251:8080/Search/SearchContent.aspx?RootId=20201113151729750&BookId=
刊物,2007年,2007二期,http://116.113.96.251:8080/Search/SearchContent.aspx?RootId=20201113151741435&BookId=
刊物,2007年,2007三期,http://116.113.96.251:8080/Search/SearchContent.aspx?RootId=20201113151756145&BookId=
刊物,2007年,2007四期,http://116.113.96.251:8080/Search/SearchContent.aspx?RootId=20201113151812120&BookId=
刊物,2007年,2007五期,http://116.113.96.251:8080/Search/SearchContent.aspx?RootId=20201113151825723&BookId=
刊物,2007年,2007六期,http://116.113.96.251:8080/Search/SearchContent.aspx?RootId=20201113151859481&BookId=
刊物,2008年,2008一期,http://116.113.96.251:8080/Search/SearchContent.aspx?RootId=20201113151953099&BookId=
刊物,2008年,2008二期,http://116.113.96.251:8080/Search/SearchContent.aspx?RootId=20201113152005704&BookId=
刊物,2008年,2008三期,http://116.113.96.251:8080/Search/SearchContent.aspx?RootId=20201113152017575&BookId=
刊物,2008年,2008四期,http://116.113.96.251:8080/Search/SearchContent.aspx?RootId=20201113152034610&BookId=
刊物,2008年,2008五期,http://116.113.96.251:8080/Search/SearchContent.aspx?RootId=20201113152045437&BookId=
刊物,2008年,2008六期,http://116.113.96.251:8080/Search/SearchContent.aspx?RootId=20201113152057886&BookId=
刊物,2009年,2009一期,http://116.113.96.251:8080/Search/SearchContent.aspx?RootId=20201113152119273&BookId=
刊物,2009年,2009二期,http://116.113.96.251:8080/Search/SearchContent.aspx?RootId=20201113152137120&BookId=
刊物,2009年,2009三期,http://116.113.96.251:8080/Search/SearchContent.aspx?RootId=20201113152154592&BookId=
刊物,2009年,2009四期,http://116.113.96.251:8080/Search/SearchContent.aspx?RootId=20201113152208835&BookId=
刊物,2009年,2009五期,http://116.113.96.251:8080/Search/SearchContent.aspx?RootId=20201113152224138&BookId=
刊物,2009年,2009六期,http://116.113.96.251:8080/Search/SearchContent.aspx?RootId=20201113152250986&BookId=
刊物,2010年,2010一期,http://116.113.96.251:8080/Search/SearchContent.aspx?RootId=20201113152309144&BookId=
刊物,2010年,2010二期,http://116.113.96.251:8080/Search/SearchContent.aspx?RootId=20201113152331406&BookId=
刊物,2010年,2010三期,http://116.113.96.251:8080/Search/SearchContent.aspx?RootId=20201113152354447&BookId=
刊物,2010年,2010四期,http://116.113.96.251:8080/Search/SearchContent.aspx?RootId=20201113152419110&BookId=
刊物,2010年,2010五期,http://116.113.96.251:8080/Search/SearchContent.aspx?RootId=20201113152457923&BookId=
刊物,2010年,2010六期,http://116.113.96.251:8080/Search/SearchContent.aspx?RootId=20201113152512509&BookId=
刊物,2011年,2011一期,http://116.113.96.251:8080/Search/SearchContent.aspx?RootId=20201113152545769&BookId=
刊物,2011年,2011二期,http://116.113.96.251:8080/Search/SearchContent.aspx?RootId=20201113152600807&BookId=
刊物,2011年,2011三期,http://116.113.96.251:8080/Search/SearchContent.aspx?RootId=20201113152615455&BookId=
刊物,2011年,2011四期,http://116.113.96.251:8080/Search/SearchContent.aspx?RootId=20201113152626890&BookId=
刊物,2011年,2011五期,http://116.113.96.251:8080/Search/SearchContent.aspx?RootId=20201113152641788&BookId=
刊物,2011年,2011六期,http://116.113.96.251:8080/Search/SearchContent.aspx?RootId=20201113152654393&BookId=
刊物,2012年,2012一期,http://116.113.96.251:8080/Search/SearchContent.aspx?RootId=20201113152715406&BookId=
刊物,2012年,2012二期,http://116.113.96.251:8080/Search/SearchContent.aspx?RootId=20201113152823937&BookId=
刊物,2012年,2012三期,http://116.113.96.251:8080/Search/SearchContent.aspx?RootId=20201113152839022&BookId=
刊物,2012年,2012四期,http://116.113.96.251:8080/Search/SearchContent.aspx?RootId=20201113152851799&BookId=
刊物,2012年,2012五期,http://116.113.96.251:8080/Search/SearchContent.aspx?RootId=20201113152903702&BookId=
刊物,2012年,2012六期,http://116.113.96.251:8080/Search/SearchContent.aspx?RootId=20201113152918241&BookId=
刊物,2013年,2013一期,http://116.113.96.251:8080/Search/SearchContent.aspx?RootId=20201113152939675&BookId=
刊物,2013年,2013二期,http://116.113.96.251:8080/Search/SearchContent.aspx?RootId=20201113152952109&BookId=
刊物,2013年,2013三期,http://116.113.96.251:8080/Search/SearchContent.aspx?RootId=20201113153003746&BookId=
刊物,2013年,2013四期,http://116.113.96.251:8080/Search/SearchContent.aspx?RootId=20201113153026616&BookId=
刊物,2013年,2013五期,http://116.113.96.251:8080/Search/SearchContent.aspx?RootId=20201113153038753&BookId=
刊物,2013年,2013六期,http://116.113.96.251:8080/Search/SearchContent.aspx?RootId=20201113153051030&BookId=
刊物,2014年,2014一期,http://116.113.96.251:8080/Search/SearchContent.aspx?RootId=20201113153316563&BookId=
刊物,2014年,2014二期,http://116.113.96.251:8080/Search/SearchContent.aspx?RootId=20201113153329292&BookId=
刊物,2014年,2014三期,http://116.113.96.251:8080/Search/SearchContent.aspx?RootId=20201113153344752&BookId=
刊物,2014年,2014四期,http://116.113.96.251:8080/Search/SearchContent.aspx?RootId=20201113153356795&BookId=
刊物,2014年,2014五期,http://116.113.96.251:8080/Search/SearchContent.aspx?RootId=20201113153416311&BookId=
刊物,2014年,2014六期,http://116.113.96.251:8080/Search/SearchContent.aspx?RootId=20201113153428557&BookId=
刊物,2015年,2015一期,http://116.113.96.251:8080/Search/SearchContent.aspx?RootId=20201113153443424&BookId=
刊物,2015年,2015二期,http://116.113.96.251:8080/Search/SearchContent.aspx?RootId=20201113153510334&BookId=
刊物,2015年,2015三期,http://116.113.96.251:8080/Search/SearchContent.aspx?RootId=20201113153523547&BookId=
刊物,2015年,2015四期,http://116.113.96.251:8080/Search/SearchContent.aspx?RootId=20201113153537056&BookId=
刊物,2015年,2015五期,http://116.113.96.251:8080/Search/SearchContent.aspx?RootId=20201113153547836&BookId=
刊物,2015年,2015六期,http://116.113.96.251:8080/Search/SearchContent.aspx?RootId=20201113153602297&BookId=
刊物,2016年,2016一期,http://116.113.96.251:8080/Search/SearchContent.aspx?RootId=20201113153629067&BookId=
刊物,2016年,2016二期,http://116.113.96.251:8080/Search/SearchContent.aspx?RootId=20201113153650642&BookId=
刊物,2016年,2016三期,http://116.113.96.251:8080/Search/SearchContent.aspx?RootId=20201113153722809&BookId=
刊物,2016年,2016四期,http://116.113.96.251:8080/Search/SearchContent.aspx?RootId=20201113153735788&BookId=
刊物,2016年,2016五期,http://116.113.96.251:8080/Search/SearchContent.aspx?RootId=20201113153748877&BookId=
刊物,2016年,2016六期,http://116.113.96.251:8080/Search/SearchContent.aspx?RootId=20201113153800873&BookId=
刊物,2017年,2017一期,http://116.113.96.251:8080/Search/SearchContent.aspx?RootId=20201113153820982&BookId=
刊物,2017年,2017二期,http://116.113.96.251:8080/Search/SearchContent.aspx?RootId=20201113153832338&BookId=
刊物,2017年,2017三期,http://116.113.96.251:8080/Search/SearchContent.aspx?RootId=20201113153844194&BookId=
刊物,2017年,2017四期,http://116.113.96.251:8080/Search/SearchContent.aspx?RootId=20201113153857408&BookId=
文献中心,地情资料,内蒙古近代建筑史,http://116.113.96.251:8080/Search/SearchContent.aspx?RootId=20170911144310464&BookId=
文献中心,地情资料,内蒙古旅游,http://116.113.96.251:8080/Search/SearchContent.aspx?RootId=20191008140725848&BookId=
文献中心,地情资料,中共呼和浩特市委党校史（1954—2014）,http://116.113.96.251:8080/Search/SearchContent.aspx?RootId=20191017101428063&BookId=
文献中心,地情资料,呼和浩特城镇乡村,http://116.113.96.251:8080/Search/SearchContent.aspx?RootId=20191017110251025&BookId=
文献中心,地情资料,鄂尔多斯工业化之路,http://116.113.96.251:8080/Search/SearchContent.aspx?RootId=20201028125043469&BookId=
文献中心,地情资料,赤峰八千年大事记,http://116.113.96.251:8080/Search/SearchContent.aspx?RootId=20201028154827835&BookId=
文献中心,地情资料,内蒙古包头钢铁基地的建设与发展,http://116.113.96.251:8080/Search/SearchContent.aspx?RootId=20201028155504325&BookId=
文献中心,地情资料,乌兰察布史鉴,http://116.113.96.251:8080/Search/SearchContent.aspx?RootId=20201224113712068&BookId=
文献中心,地情资料,内蒙古历代自然灾害史料,http://116.113.96.251:8080/Search/SearchContent.aspx?RootId=20210115170919863&BookId=
文献中心,其它志书,内蒙古自治区离退休干部工作志（1982～2010）,http://116.113.96.251:8080/Search/SearchContent.aspx?RootId=20180709153839329&BookId=
文献中心,其它志书,内蒙古自治区人民政府驻北京办事处志,http://116.113.96.251:8080/Search/SearchContent.aspx?RootId=20180710095947254&BookId=
文献中心,其它志书,内蒙古口岸,http://116.113.96.251:8080/Search/SearchContent.aspx?RootId=20180711103017109&BookId=
文献中心,其它志书,内蒙古师范大学志（1952—1992）,http://116.113.96.251:8080/Search/SearchContent.aspx?RootId=20190610102248904&BookId=
文献中心,其它志书,伊克昭盟政协志,http://116.113.96.251:8080/Search/SearchContent.aspx?RootId=20190906153317564&BookId=
文献中心,其它志书,内蒙古自治区轻纺工业科学技术志,http://116.113.96.251:8080/Search/SearchContent.aspx?RootId=20190927154343865&BookId=
文献中心,其它志书,内蒙古师范大学志（1993—2004）,http://116.113.96.251:8080/Search/SearchContent.aspx?RootId=20191010145107516&BookId=
文献中心,其它志书,内蒙古风物志,http://116.113.96.251:8080/Search/SearchContent.aspx?RootId=20191015162218102&BookId=
文献中心,其它志书,东方控股集团志,http://116.113.96.251:8080/Search/SearchContent.aspx?RootId=20191023134826232&BookId=
文献中心,其它志书,内蒙古林学院志,http://116.113.96.251:8080/Search/SearchContent.aspx?RootId=20191114100808472&BookId=
文献中心,其它志书,呼和浩特市档案志,http://116.113.96.251:8080/Search/SearchContent.aspx?RootId=20191114170354616&BookId=
文献中心,其它志书,锡林郭勒盟志·党史地方志志,http://116.113.96.251:8080/Search/SearchContent.aspx?RootId=20191115092824822&BookId=
文献中心,其它志书,鄂尔多斯扶贫志,http://116.113.96.251:8080/Search/SearchContent.aspx?RootId=20191204174523026&BookId=
文献中心,其它志书,锡林郭勒盟志·扶贫开发志,http://116.113.96.251:8080/Search/SearchContent.aspx?RootId=20191205143347384&BookId=
文献中心,其它志书,阿拉善盟行政公署志（2000—2012）,http://116.113.96.251:8080/Search/SearchContent.aspx?RootId=20191205145810667&BookId=
文献中心,其它志书,海拉尔铁路分局志（1989—1996）,http://116.113.96.251:8080/Search/SearchContent.aspx?RootId=20200208133352725&BookId=
文献中心,其它志书,呼和浩特市科学技术志,http://116.113.96.251:8080/Search/SearchContent.aspx?RootId=20200608104005207&BookId=
文献中心,其它志书,内蒙古林业工会志（1949—2015）,http://116.113.96.251:8080/Search/SearchContent.aspx?RootId=20200617092447902&BookId=
文献中心,其它志书,内蒙古保险志（2001—2010）,http://116.113.96.251:8080/Search/SearchContent.aspx?RootId=20200623174638453&BookId=
文献中心,其它志书,内蒙古建设银行志,http://116.113.96.251:8080/Search/SearchContent.aspx?RootId=20200731151455494&BookId=
文献中心,其它志书,内蒙古自治区抗击非典志,http://116.113.96.251:8080/Search/SearchContent.aspx?RootId=20200806085915796&BookId=
文献中心,其它志书,呼和浩特市政协志,http://116.113.96.251:8080/Search/SearchContent.aspx?RootId=20200814165357944&BookId=
文献中心,其它志书,中国煤炭志,http://116.113.96.251:8080/Search/SearchContent.aspx?RootId=20200818100204829&BookId=
文献中心,其它志书,玉泉区政协志,http://116.113.96.251:8080/Search/SearchContent.aspx?RootId=20201013170408268&BookId=
文献中心,其它志书,内蒙古民族大学志,http://116.113.96.251:8080/Search/SearchContent.aspx?RootId=20201015170116424&BookId=
文献中心,其它志书,呼和浩特市妇联志,http://116.113.96.251:8080/Search/SearchContent.aspx?RootId=20201016125232427&BookId=
文献中心,其它志书,锡林郭勒盟志·统战志,http://116.113.96.251:8080/Search/SearchContent.aspx?RootId=20201020092247745&BookId=
文献中心,其它志书,呼伦贝尔盟统战工作志,http://116.113.96.251:8080/Search/SearchContent.aspx?RootId=20210115174843839&BookId=
文献中心,其它刊物,内蒙古自治区历届人民代表大会 政治协商会议资料选编（1947年5月—1993年3月）,http://116.113.96.251:8080/Search/SearchContent.aspx?RootId=20201020110510427&BookId=
文献中心,史志资料,归绥地区抗日斗争通志,http://116.113.96.251:8080/Search/SearchContent.aspx?RootId=20201020125150744&BookId=
文献中心,史志资料,内蒙古民族抗日斗争大事记,http://116.113.96.251:8080/Search/SearchContent.aspx?RootId=20201020155037947&BookId=
文献中心,史志资料,内蒙古革命时期的财政金融,http://116.113.96.251:8080/Search/SearchContent.aspx?RootId=20201022164442524&BookId=
文献中心,史志资料,大青山抗日斗争史（新版）,http://116.113.96.251:8080/Search/SearchContent.aspx?RootId=20201026130004737&BookId=
文献中心,史志资料,抗战时期绥远省政与在绥西施治历史研究,http://116.113.96.251:8080/Search/SearchContent.aspx?RootId=20201026155800662&BookId=
文献中心,史志资料,中国共产党内蒙古自治区组织史资料（1925.3～1987.12）,http://116.113.96.251:8080/Search/SearchContent.aspx?RootId=20201106165513933&BookId=
三轮志书,旗县志,武川县志（1998—2009）,http://116.113.96.251:8080/Search/SearchContent.aspx?RootId=20191011171640227&BookId=
三轮志书,旗县志,鄂温克族自治旗志（2006—2016年）,http://116.113.96.251:8080/Search/SearchContent.aspx?RootId=20201104140716902&BookId=
