二轮志书,旗县志,额尔古纳右旗志,http://116.113.96.251:8080/Search/SearchContent.aspx?RootId=20130719162308884&BookId=
二轮志书,旗县志,陈巴尔虎旗志,http://116.113.96.251:8080/Search/SearchContent.aspx?RootId=20130719162407835&BookId=
二轮志书,旗县志,乌兰浩特市志,http://116.113.96.251:8080/Search/SearchContent.aspx?RootId=20130719163252550&BookId=
二轮志书,旗县志,阿尔山市志,http://116.113.96.251:8080/Search/SearchContent.aspx?RootId=20130719163303079&BookId=
二轮志书,旗县志,科尔沁左翼中旗志,http://116.113.96.251:8080/Search/SearchContent.aspx?RootId=20130719163604723&BookId=
二轮志书,旗县志,库伦旗志,http://116.113.96.251:8080/Search/SearchContent.aspx?RootId=20130719163645407&BookId=
二轮志书,旗县志,奈曼旗志,http://116.113.96.251:8080/Search/SearchContent.aspx?RootId=20130719163656530&BookId=
二轮志书,旗县志,扎鲁特旗志,http://116.113.96.251:8080/Search/SearchContent.aspx?RootId=20130719163709904&BookId=
二轮志书,旗县志,锡林浩特市志,http://116.113.96.251:8080/Search/SearchContent.aspx?RootId=20130719163806646&BookId=
二轮志书,旗县志,阿巴嘎旗志,http://116.113.96.251:8080/Search/SearchContent.aspx?RootId=20130719163858795&BookId=
二轮志书,旗县志,东乌珠穆沁旗志,http://116.113.96.251:8080/Search/SearchContent.aspx?RootId=20130719163914507&BookId=
二轮志书,旗县志,西乌珠穆沁旗志,http://116.113.96.251:8080/Search/SearchContent.aspx?RootId=20130719163927304&BookId=
二轮志书,旗县志,苏尼特右旗志,http://116.113.96.251:8080/Search/SearchContent.aspx?RootId=20130719164008908&BookId=
二轮志书,旗县志,正蓝旗志,http://116.113.96.251:8080/Search/SearchContent.aspx?RootId=20130719164023896&BookId=
二轮志书,旗县志,正镶白旗志,http://116.113.96.251:8080/Search/SearchContent.aspx?RootId=20130719164037585&BookId=
二轮志书,旗县志,镶黄旗志,http://116.113.96.251:8080/Search/SearchContent.aspx?RootId=20130719164050053&BookId=
二轮志书,旗县志,太仆寺旗志,http://116.113.96.251:8080/Search/SearchContent.aspx?RootId=20130719164100569&BookId=
二轮志书,旗县志,多伦县志,http://116.113.96.251:8080/Search/SearchContent.aspx?RootId=20130719164113097&BookId=
二轮志书,旗县志,乌拉盖开发区志,http://116.113.96.251:8080/Search/SearchContent.aspx?RootId=20130719164130454&BookId=
二轮志书,旗县志,集宁市志,http://116.113.96.251:8080/Search/SearchContent.aspx?RootId=20130719164143045&BookId=
二轮志书,旗县志,丰镇市志,http://116.113.96.251:8080/Search/SearchContent.aspx?RootId=20130719164154323&BookId=
二轮志书,旗县志,察哈尔右翼前旗志,http://116.113.96.251:8080/Search/SearchContent.aspx?RootId=20130719164206248&BookId=
二轮志书,旗县志,四子王旗志,http://116.113.96.251:8080/Search/SearchContent.aspx?RootId=20130719164251227&BookId=
二轮志书,旗县志,兴和县志,http://116.113.96.251:8080/Search/SearchContent.aspx?RootId=20130719164324732&BookId=
二轮志书,旗县志,化德县志,http://116.113.96.251:8080/Search/SearchContent.aspx?RootId=20130719164335603&BookId=
二轮志书,旗县志,凉城县志,http://116.113.96.251:8080/Search/SearchContent.aspx?RootId=20130719164346944&BookId=
二轮志书,旗县志,东胜市志,http://116.113.96.251:8080/Search/SearchContent.aspx?RootId=20130719164400238&BookId=
二轮志书,旗县志,伊金霍洛旗志,http://116.113.96.251:8080/Search/SearchContent.aspx?RootId=20130719164410796&BookId=
二轮志书,旗县志,准格尔旗志,http://116.113.96.251:8080/Search/SearchContent.aspx?RootId=20130719164430206&BookId=
二轮志书,旗县志,鄂托克旗志,http://116.113.96.251:8080/Search/SearchContent.aspx?RootId=20130719164442127&BookId=
二轮志书,旗县志,鄂托克前旗志,http://116.113.96.251:8080/Search/SearchContent.aspx?RootId=20130719164455589&BookId=
二轮志书,旗县志,乌审旗志,http://116.113.96.251:8080/Search/SearchContent.aspx?RootId=20130719164538421&BookId=
二轮志书,旗县志,达拉特旗志,http://116.113.96.251:8080/Search/SearchContent.aspx?RootId=20130719164548357&BookId=
二轮志书,旗县志,临河市志,http://116.113.96.251:8080/Search/SearchContent.aspx?RootId=20130719164607304&BookId=
二轮志书,旗县志,乌拉特前旗志,http://116.113.96.251:8080/Search/SearchContent.aspx?RootId=20130719164619049&BookId=
二轮志书,旗县志,乌拉特中旗志,http://116.113.96.251:8080/Search/SearchContent.aspx?RootId=20130719164639132&BookId=
二轮志书,旗县志,杭锦后旗志,http://116.113.96.251:8080/Search/SearchContent.aspx?RootId=20130719164711767&BookId=
二轮志书,旗县志,五原县志,http://116.113.96.251:8080/Search/SearchContent.aspx?RootId=20130719164722124&BookId=
二轮志书,旗县志,额济纳旗志,http://116.113.96.251:8080/Search/SearchContent.aspx?RootId=20130719164819040&BookId=
二轮志书,旗县志,呼和浩特市经济技术开发区金川工业园区志,http://116.113.96.251:8080/Search/SearchContent.aspx?RootId=20180606095927055&BookId=
二轮志书,旗县志,阿拉善右旗志（2000—2010）,http://116.113.96.251:8080/Search/SearchContent.aspx?RootId=20180703133759429&BookId=
二轮志书,旗县志,牙克石市志（1990～2005）,http://116.113.96.251:8080/Search/SearchContent.aspx?RootId=20180703172850621&BookId=
二轮志书,旗县志,商都县志（2005-2013年）上,http://116.113.96.251:8080/Search/SearchContent.aspx?RootId=20180704143657256&BookId=
二轮志书,旗县志,商都县志（2005-2013年）下,http://116.113.96.251:8080/Search/SearchContent.aspx?RootId=20180705134543102&BookId=
二轮志书,旗县志,阿拉善左旗志（2000—2012年）,http://116.113.96.251:8080/Search/SearchContent.aspx?RootId=20180710131220416&BookId=
二轮志书,旗县志,赤峰市松山区志（1991-2005年）,http://116.113.96.251:8080/Search/SearchContent.aspx?RootId=20180710131726801&BookId=
二轮志书,旗县志,阿荣旗志（1991~2005年）,http://116.113.96.251:8080/Search/SearchContent.aspx?RootId=20180711134100135&BookId=
二轮志书,旗县志,扎兰屯市志（1991—2006年）,http://116.113.96.251:8080/Search/SearchContent.aspx?RootId=20180712133341621&BookId=
二轮志书,旗县志,科尔沁左翼后旗志（1989～2007年）,http://116.113.96.251:8080/Search/SearchContent.aspx?RootId=20190612115301667&BookId=
二轮志书,旗县志,苏尼特左旗志（2000—2010年）,http://116.113.96.251:8080/Search/SearchContent.aspx?RootId=20190617093745814&BookId=
二轮志书,旗县志,察哈尔右翼后旗志（2001—2010）,http://116.113.96.251:8080/Search/SearchContent.aspx?RootId=20190618112519330&BookId=
二轮志书,旗县志,满洲里市志（1997～2005年）,http://116.113.96.251:8080/Search/SearchContent.aspx?RootId=20190619142346537&BookId=
二轮志书,旗县志,磴口县志（1988～2010年）,http://116.113.96.251:8080/Search/SearchContent.aspx?RootId=20190702100903525&BookId=
二轮志书,旗县志,包头市青山区志（1991—2010年）,http://116.113.96.251:8080/Search/SearchContent.aspx?RootId=20190709102846183&BookId=
二轮志书,旗县志,新巴尔虎左旗志（1997～2005年）,http://116.113.96.251:8080/Search/SearchContent.aspx?RootId=20190715133353670&BookId=
二轮志书,旗县志,莫力达瓦达斡尔族自治旗志（1993～2005年）,http://116.113.96.251:8080/Search/SearchContent.aspx?RootId=20190717115803475&BookId=
二轮志书,旗县志,杭锦旗志（1991—2010）,http://116.113.96.251:8080/Search/SearchContent.aspx?RootId=20190905114250710&BookId=
二轮志书,旗县志,霍林郭勒市志（1994～2006年）,http://116.113.96.251:8080/Search/SearchContent.aspx?RootId=20190925140639294&BookId=
二轮志书,旗县志,察哈尔右翼中旗志(1997—2007),http://116.113.96.251:8080/Search/SearchContent.aspx?RootId=20190930151016946&BookId=
二轮志书,旗县志,科尔沁右翼中旗志(1988～2005),http://116.113.96.251:8080/Search/SearchContent.aspx?RootId=20191017172841856&BookId=
二轮志书,旗县志,土默特右旗志（1991～2008）,http://116.113.96.251:8080/Search/SearchContent.aspx?RootId=20191204170908710&BookId=
二轮志书,旗县志,新巴尔虎右旗志（1991～2005年）,http://116.113.96.251:8080/Search/SearchContent.aspx?RootId=20200403165157925&BookId=
二轮志书,旗县志,鄂温克族自治旗志（1991～2005年）,http://116.113.96.251:8080/Search/SearchContent.aspx?RootId=20200403165436873&BookId=
二轮志书,旗县志,赤峰市元宝山区志（1996—2008年）,http://116.113.96.251:8080/Search/SearchContent.aspx?RootId=20200508113325373&BookId=
二轮志书,旗县志,卓资县志,http://116.113.96.251:8080/Search/SearchContent.aspx?RootId=20200508160227314&BookId=
二轮志书,旗县志,二连浩特市志（2000—2010年）,http://116.113.96.251:8080/Search/SearchContent.aspx?RootId=20200523145322712&BookId=
二轮志书,旗县志,阿鲁科尔沁旗志（1989～2006年）,http://116.113.96.251:8080/Search/SearchContent.aspx?RootId=20200623172052303&BookId=
二轮志书,旗县志,宁城县志（1986—2010）,http://116.113.96.251:8080/Search/SearchContent.aspx?RootId=20200812153709113&BookId=
年鉴,内蒙古年鉴,1998,http://116.113.96.251:8080/Search/SearchContent.aspx?RootId=20130719165926051&BookId=
年鉴,内蒙古年鉴,1999,http://116.113.96.251:8080/Search/SearchContent.aspx?RootId=20130826122524703&BookId=
年鉴,内蒙古年鉴,2000,http://116.113.96.251:8080/Search/SearchContent.aspx?RootId=20130826122539741&BookId=
年鉴,内蒙古年鉴,2001,http://116.113.96.251:8080/Search/SearchContent.aspx?RootId=20130826122637617&BookId=
年鉴,内蒙古年鉴,2002,http://116.113.96.251:8080/Search/SearchContent.aspx?RootId=20130826122652952&BookId=
年鉴,内蒙古年鉴,2003,http://116.113.96.251:8080/Search/SearchContent.aspx?RootId=20130826122703919&BookId=
年鉴,内蒙古年鉴,2004,http://116.113.96.251:8080/Search/SearchContent.aspx?RootId=20130826122720377&BookId=
年鉴,内蒙古年鉴,2005,http://116.113.96.251:8080/Search/SearchContent.aspx?RootId=20130826122729784&BookId=
年鉴,内蒙古年鉴,2006,http://116.113.96.251:8080/Search/SearchContent.aspx?RootId=20130826122738333&BookId=
年鉴,内蒙古年鉴,2007,http://116.113.96.251:8080/Search/SearchContent.aspx?RootId=20130826122747942&BookId=
年鉴,内蒙古年鉴,2008,http://116.113.96.251:8080/Search/SearchContent.aspx?RootId=20130826122757318&BookId=
年鉴,内蒙古年鉴,2009,http://116.113.96.251:8080/Search/SearchContent.aspx?RootId=20130826122817114&BookId=
年鉴,内蒙古年鉴,2010,http://116.113.96.251:8080/Search/SearchContent.aspx?RootId=20130826122828518&BookId=
年鉴,内蒙古年鉴,2011,http://116.113.96.251:8080/Search/SearchContent.aspx?RootId=20130826122843587&BookId=
年鉴,内蒙古年鉴,2012,http://116.113.96.251:8080/Search/SearchContent.aspx?RootId=20130826122852386&BookId=
年鉴,内蒙古年鉴,2013,http://116.113.96.251:8080/Search/SearchContent.aspx?RootId=20130826122900763&BookId=
年鉴,内蒙古年鉴,2014,http://116.113.96.251:8080/Search/SearchContent.aspx?RootId=20181130092641293&BookId=
年鉴,内蒙古年鉴,2015,http://116.113.96.251:8080/Search/SearchContent.aspx?RootId=20181130093346846&BookId=
年鉴,内蒙古年鉴,2016,http://116.113.96.251:8080/Search/SearchContent.aspx?RootId=20181130093357954&BookId=
年鉴,内蒙古年鉴,2017,http://116.113.96.251:8080/Search/SearchContent.aspx?RootId=20181130093408733&BookId=
年鉴,内蒙古年鉴,2018,http://116.113.96.251:8080/Search/SearchContent.aspx?RootId=20191217161110067&BookId=
年鉴,内蒙古年鉴,2019,http://116.113.96.251:8080/Search/SearchContent.aspx?RootId=20201228131904405&BookId=
年鉴,盟市年鉴,呼伦贝尔年鉴（2001卷）,http://116.113.96.251:8080/Search/SearchContent.aspx?RootId=20201204092112259&BookId=
年鉴,盟市年鉴,呼伦贝尔年鉴（2002—2003卷）,http://116.113.96.251:8080/Search/SearchContent.aspx?RootId=20201204092726768&BookId=
年鉴,盟市年鉴,呼伦贝尔年鉴（2004卷）,http://116.113.96.251:8080/Search/SearchContent.aspx?RootId=20201204093220891&BookId=
年鉴,盟市年鉴,呼伦贝尔年鉴（2005—2006卷）,http://116.113.96.251:8080/Search/SearchContent.aspx?RootId=20201204093543614&BookId=
年鉴,盟市年鉴,呼伦贝尔年鉴（2007—2008卷）,http://116.113.96.251:8080/Search/SearchContent.aspx?RootId=20201204093751456&BookId=
年鉴,盟市年鉴,呼伦贝尔年鉴（2009卷）,http://116.113.96.251:8080/Search/SearchContent.aspx?RootId=20201204093903918&BookId=
年鉴,盟市年鉴,呼伦贝尔年鉴（2010卷）,http://116.113.96.251:8080/Search/SearchContent.aspx?RootId=20201204094017847&BookId=
年鉴,盟市年鉴,呼伦贝尔年鉴（2011卷）,http://116.113.96.251:8080/Search/SearchContent.aspx?RootId=20201204105550091&BookId=
年鉴,盟市年鉴,呼伦贝尔年鉴（2012卷）,http://116.113.96.251:8080/Search/SearchContent.aspx?RootId=20201204105743660&BookId=
年鉴,盟市年鉴,呼伦贝尔年鉴（2013卷）,http://116.113.96.251:8080/Search/SearchContent.aspx?RootId=20201204105908118&BookId=
年鉴,盟市年鉴,呼伦贝尔年鉴（2014卷）,http://116.113.96.251:8080/Search/SearchContent.aspx?RootId=20201204110650456&BookId=
年鉴,盟市年鉴,呼伦贝尔年鉴（2015卷）,http://116.113.96.251:8080/Search/SearchContent.aspx?RootId=20201204110812263&BookId=
年鉴,盟市年鉴,呼伦贝尔年鉴（2016卷）,http://116.113.96.251:8080/Search/SearchContent.aspx?RootId=20201204110853728&BookId=
年鉴,盟市年鉴,呼伦贝尔年鉴（2017卷）,http://116.113.96.251:8080/Search/SearchContent.aspx?RootId=20201204111029512&BookId=
年鉴,盟市年鉴,呼伦贝尔年鉴（2018卷）,http://116.113.96.251:8080/Search/SearchContent.aspx?RootId=20201204111214344&BookId=
年鉴,盟市年鉴,呼和浩特年鉴（2002—2003卷）,http://116.113.96.251:8080/Search/SearchContent.aspx?RootId=20191112102212864&BookId=
年鉴,盟市年鉴,呼和浩特年鉴（2004—2005卷）,http://116.113.96.251:8080/Search/SearchContent.aspx?RootId=20191112102416869&BookId=
年鉴,盟市年鉴,呼和浩特年鉴（2006—2007卷）,http://116.113.96.251:8080/Search/SearchContent.aspx?RootId=20191112102555289&BookId=
年鉴,盟市年鉴,呼和浩特年鉴（2008卷）,http://116.113.96.251:8080/Search/SearchContent.aspx?RootId=20191112102807718&BookId=
年鉴,盟市年鉴,呼和浩特年鉴（2009卷）,http://116.113.96.251:8080/Search/SearchContent.aspx?RootId=20191112103435067&BookId=
年鉴,盟市年鉴,呼和浩特年鉴（2010卷）,http://116.113.96.251:8080/Search/SearchContent.aspx?RootId=20191112103602801&BookId=
年鉴,盟市年鉴,呼和浩特年鉴（2011卷）,http://116.113.96.251:8080/Search/SearchContent.aspx?RootId=20191112103724514&BookId=
年鉴,盟市年鉴,呼和浩特年鉴（2012卷）,http://116.113.96.251:8080/Search/SearchContent.aspx?RootId=20191112104913333&BookId=
年鉴,盟市年鉴,呼和浩特年鉴（2013卷）,http://116.113.96.251:8080/Search/SearchContent.aspx?RootId=20191112105013798&BookId=
年鉴,盟市年鉴,呼和浩特年鉴（2014卷）,http://116.113.96.251:8080/Search/SearchContent.aspx?RootId=20191112105106683&BookId=
年鉴,盟市年鉴,呼和浩特年鉴（2015卷）,http://116.113.96.251:8080/Search/SearchContent.aspx?RootId=20191112105214106&BookId=
年鉴,盟市年鉴,呼和浩特年鉴（2016卷）,http://116.113.96.251:8080/Search/SearchContent.aspx?RootId=20191112105408033&BookId=
年鉴,盟市年鉴,呼和浩特年鉴（2017卷）,http://116.113.96.251:8080/Search/SearchContent.aspx?RootId=20191112105517001&BookId=
年鉴,盟市年鉴,包头年鉴（2001—2002卷）,http://116.113.96.251:8080/Search/SearchContent.aspx?RootId=20200427170334567&BookId=
年鉴,盟市年鉴,包头年鉴（2003—2004卷）,http://116.113.96.251:8080/Search/SearchContent.aspx?RootId=20200427170521069&BookId=
年鉴,盟市年鉴,包头年鉴（2005—2006卷）,http://116.113.96.251:8080/Search/SearchContent.aspx?RootId=20200427170626807&BookId=
年鉴,盟市年鉴,包头年鉴（2007—2008卷）,http://116.113.96.251:8080/Search/SearchContent.aspx?RootId=20200427170714809&BookId=
年鉴,盟市年鉴,包头年鉴（2009—2010卷）,http://116.113.96.251:8080/Search/SearchContent.aspx?RootId=20200427170800953&BookId=
年鉴,盟市年鉴,包头年鉴（2011—2012卷）,http://116.113.96.251:8080/Search/SearchContent.aspx?RootId=20200427170908439&BookId=
年鉴,盟市年鉴,包头年鉴（2013—2014卷）,http://116.113.96.251:8080/Search/SearchContent.aspx?RootId=20200427170947673&BookId=
年鉴,盟市年鉴,包头年鉴（2015—2016卷）,http://116.113.96.251:8080/Search/SearchContent.aspx?RootId=20200427171021947&BookId=
年鉴,盟市年鉴,鄂尔多斯年鉴（2002—2003卷）,http://116.113.96.251:8080/Search/SearchContent.aspx?RootId=20200720164545315&BookId=
年鉴,盟市年鉴,鄂尔多斯年鉴（2004—2005卷）,http://116.113.96.251:8080/Search/SearchContent.aspx?RootId=20200720164654330&BookId=
年鉴,盟市年鉴,鄂尔多斯年鉴（2006—2007卷）,http://116.113.96.251:8080/Search/SearchContent.aspx?RootId=20200720164738150&BookId=
年鉴,盟市年鉴,鄂尔多斯年鉴（2008卷）,http://116.113.96.251:8080/Search/SearchContent.aspx?RootId=20200720164823718&BookId=
年鉴,盟市年鉴,鄂尔多斯年鉴（2009卷）,http://116.113.96.251:8080/Search/SearchContent.aspx?RootId=20200720164900440&BookId=
年鉴,盟市年鉴,鄂尔多斯年鉴（2010卷）,http://116.113.96.251:8080/Search/SearchContent.aspx?RootId=20200720164947006&BookId=
年鉴,盟市年鉴,鄂尔多斯年鉴（2011卷）,http://116.113.96.251:8080/Search/SearchContent.aspx?RootId=20200720165024649&BookId=
年鉴,旗县年鉴,四子王旗年鉴（2012 卷）,http://116.113.96.251:8080/Search/SearchContent.aspx?RootId=20191014150323537&BookId=
年鉴,旗县年鉴,四子王旗年鉴（2014～2015卷）,http://116.113.96.251:8080/Search/SearchContent.aspx?RootId=20191014150552034&BookId=
年鉴,旗县年鉴,四子王旗年鉴（2017卷）,http://116.113.96.251:8080/Search/SearchContent.aspx?RootId=20191014150656041&BookId=
年鉴,旗县年鉴,四子王旗年鉴（2018卷）,http://116.113.96.251:8080/Search/SearchContent.aspx?RootId=20191014150753356&BookId=